Date,Temperature
5/14/2019 0:00,28.83
5/14/2019 1:00,28.57
5/14/2019 2:00,28.29
5/14/2019 3:00,28.07
5/14/2019 4:00,27.88
5/14/2019 5:00,27.73
5/14/2019 6:00,27.84
5/14/2019 7:00,28.63
5/14/2019 8:00,29.32
5/14/2019 9:00,30.76
5/14/2019 10:00,31.55
5/14/2019 11:00,32.04
5/14/2019 12:00,32.26
5/14/2019 13:00,33.6
5/14/2019 14:00,32.16
5/14/2019 15:00,32.44
5/14/2019 16:00,32.24
5/14/2019 17:00,32.27
5/14/2019 18:00,31.08
5/14/2019 19:00,30.73
5/14/2019 20:00,30.12
5/14/2019 21:00,29.59
5/14/2019 22:00,28.93
5/14/2019 23:00,28.87
5/15/2019 0:00,28.8
5/15/2019 1:00,28.61
5/15/2019 2:00,28.3
5/15/2019 3:00,27.62
5/15/2019 4:00,26.97
5/15/2019 5:00,26.61
5/15/2019 6:00,27.1
5/15/2019 7:00,29.17
5/15/2019 8:00,29.79
5/15/2019 9:00,31.76
5/15/2019 10:00,32.34
5/15/2019 11:00,32.76
5/15/2019 12:00,33.29
5/15/2019 13:00,33.87
5/15/2019 14:00,33.86
5/15/2019 15:00,33.36
5/15/2019 16:00,32.91
5/15/2019 17:00,32.88
5/15/2019 18:00,31.59
5/15/2019 19:00,32.14
5/15/2019 20:00,30.83
5/15/2019 21:00,29.55
5/15/2019 22:00,28.88
5/15/2019 23:00,28.22
5/16/2019 0:00,27.94
5/16/2019 1:00,27.7
5/16/2019 2:00,27.59
5/16/2019 3:00,27.37
5/16/2019 4:00,27.13
5/16/2019 5:00,26.87
5/16/2019 6:00,27.25
5/16/2019 7:00,29.52
5/16/2019 8:00,29.95
5/16/2019 9:00,31.89
5/16/2019 10:00,33.14
5/16/2019 11:00,32.75
5/16/2019 12:00,33.29
5/16/2019 13:00,33.76
5/16/2019 14:00,33.28
5/16/2019 15:00,32.86
5/16/2019 16:00,32.6
5/16/2019 17:00,32.43
5/16/2019 18:00,31.38
5/16/2019 19:00,30.1
5/16/2019 20:00,29.45
5/16/2019 21:00,28.94
5/16/2019 22:00,28.54
5/16/2019 23:00,28.22
5/17/2019 0:00,27.99
5/17/2019 1:00,27.68
5/17/2019 2:00,27.39
5/17/2019 3:00,27.12
5/17/2019 4:00,26.83
5/17/2019 5:00,26.65
5/17/2019 6:00,27.07
5/17/2019 7:00,29.3
5/17/2019 8:00,30.98
5/17/2019 9:00,32.43
5/17/2019 10:00,33.98
5/17/2019 11:00,35.35
5/17/2019 12:00,34.44
5/17/2019 13:00,34.55
5/17/2019 14:00,34.21
5/17/2019 15:00,33.93
5/17/2019 16:00,33.62
5/17/2019 17:00,33.66
5/17/2019 18:00,32.51
5/17/2019 19:00,31.78
5/17/2019 20:00,31.04
5/17/2019 21:00,29.95
5/17/2019 22:00,29.33
5/17/2019 23:00,28.9
5/18/2019 0:00,28.57
5/18/2019 1:00,28.32
5/18/2019 2:00,27.94
5/18/2019 3:00,27.58
5/18/2019 4:00,27.22
5/18/2019 5:00,26.93
5/18/2019 6:00,27.44
5/18/2019 7:00,29.37
5/18/2019 8:00,30.93
5/18/2019 9:00,32.51
5/18/2019 10:00,32.61
5/18/2019 11:00,33.67
5/18/2019 12:00,35.54
5/18/2019 13:00,36.22
5/18/2019 14:00,36.48
5/18/2019 15:00,36.33
5/18/2019 16:00,35.83
5/18/2019 17:00,34.92
5/18/2019 18:00,33.42
5/18/2019 19:00,32.37
5/18/2019 20:00,31.2
5/18/2019 21:00,30.26
5/18/2019 22:00,29.85
5/18/2019 23:00,29.49
5/19/2019 0:00,29.19
5/19/2019 1:00,28.46
5/19/2019 2:00,28.44
5/19/2019 3:00,28.46
5/19/2019 4:00,27.8
5/19/2019 5:00,27.53
5/19/2019 6:00,28.23
5/19/2019 7:00,29.57
5/19/2019 8:00,29.22
5/19/2019 9:00,29.51
5/19/2019 10:00,29.61
5/19/2019 11:00,29.8
5/19/2019 12:00,30.2
5/19/2019 13:00,32
5/19/2019 14:00,30.84
5/19/2019 15:00,32.48
5/19/2019 16:00,32.59
5/19/2019 17:00,32.13
5/19/2019 18:00,30.87
5/19/2019 19:00,29.66
5/19/2019 20:00,29.37
5/19/2019 21:00,29.07
5/19/2019 22:00,28.85
5/19/2019 23:00,28.66
5/20/2019 0:00,27.92
5/20/2019 1:00,27.69
5/20/2019 2:00,27.34
5/20/2019 3:00,27.06
5/20/2019 4:00,26.83
5/20/2019 5:00,26.73
5/20/2019 6:00,26.97
5/20/2019 7:00,28.96
5/20/2019 8:00,30.81
5/20/2019 9:00,31.91
5/20/2019 10:00,32.88
5/20/2019 11:00,33.45
5/20/2019 12:00,33.82
5/20/2019 13:00,33.96
5/20/2019 14:00,32.52
5/20/2019 15:00,32.12
5/20/2019 16:00,32.62
5/20/2019 17:00,32.17
5/20/2019 18:00,31.21
5/20/2019 19:00,31.15
5/20/2019 20:00,30.43
5/20/2019 21:00,29.89
5/20/2019 22:00,29.26
5/20/2019 23:00,28.95
5/21/2019 0:00,28.64
5/21/2019 1:00,28.31
5/21/2019 2:00,27.93
5/21/2019 3:00,27.57
5/21/2019 4:00,27.29
5/21/2019 5:00,27.07
5/21/2019 6:00,27.39
5/21/2019 7:00,29.69
5/21/2019 8:00,31.46
5/21/2019 9:00,32.85
5/21/2019 10:00,33.79
5/21/2019 11:00,32.37
5/21/2019 12:00,32.5
5/21/2019 13:00,33.75
5/21/2019 14:00,33.82
5/21/2019 15:00,33.83
5/21/2019 16:00,33.69
5/21/2019 17:00,33.49
5/21/2019 18:00,32.62
5/21/2019 19:00,30.52
5/21/2019 20:00,30.27
5/21/2019 21:00,30.11
5/21/2019 22:00,30.01
5/21/2019 23:00,29.66
5/22/2019 0:00,28.85
5/22/2019 1:00,28.64
5/22/2019 2:00,28.33
5/22/2019 3:00,28.08
5/22/2019 4:00,27.84
5/22/2019 5:00,27.59
5/22/2019 6:00,28.11
5/22/2019 7:00,28.4
5/22/2019 8:00,29.77
5/22/2019 9:00,30.59
5/22/2019 10:00,31.53
5/22/2019 11:00,34.14
5/22/2019 12:00,32.68
5/22/2019 13:00,33.03
5/22/2019 14:00,33.65
5/22/2019 15:00,33.76
5/22/2019 16:00,33.4
5/22/2019 17:00,33.45
5/22/2019 18:00,32.41
5/22/2019 19:00,31.54
5/22/2019 20:00,30.28
5/22/2019 21:00,29.38
5/22/2019 22:00,28.53
5/22/2019 23:00,27.48
5/23/2019 0:00,27.17
5/23/2019 1:00,27.07
5/23/2019 2:00,26.87
5/23/2019 3:00,26.69
5/23/2019 4:00,26.56
5/23/2019 5:00,26.98
5/23/2019 6:00,27.23
5/23/2019 7:00,28.64
5/23/2019 8:00,29.41
5/23/2019 9:00,30.84
5/23/2019 10:00,31.63
5/23/2019 11:00,32.72
5/23/2019 12:00,32.95
5/23/2019 13:00,32.43
5/23/2019 14:00,32.83
5/23/2019 15:00,32.67
5/23/2019 16:00,32.39
5/23/2019 17:00,32.53
5/23/2019 18:00,31.42
5/23/2019 19:00,30.69
5/23/2019 20:00,30.09
5/23/2019 21:00,29.54
5/23/2019 22:00,28.98
5/23/2019 23:00,28.44
5/24/2019 0:00,28.29
5/24/2019 1:00,28.02
5/24/2019 2:00,27.76
5/24/2019 3:00,27.48
5/24/2019 4:00,27.17
5/24/2019 5:00,26.82
5/24/2019 6:00,27.42
5/24/2019 7:00,29.78
5/24/2019 8:00,31.28
5/24/2019 9:00,32.66
5/24/2019 10:00,33.95
5/24/2019 11:00,33.4
5/24/2019 12:00,35.19
5/24/2019 13:00,35.82
5/24/2019 14:00,36.14
5/24/2019 15:00,34.86
5/24/2019 16:00,34.42
5/24/2019 17:00,34.15
5/24/2019 18:00,33.37
5/24/2019 19:00,32
5/24/2019 20:00,30.97
5/24/2019 21:00,30.11
5/24/2019 22:00,29.25
5/24/2019 23:00,28.52
5/25/2019 0:00,28.15
5/25/2019 1:00,27.85
5/25/2019 2:00,27.55
5/25/2019 3:00,27.22
5/25/2019 4:00,26.96
5/25/2019 5:00,26.7
5/25/2019 6:00,27.37
5/25/2019 7:00,29.54
5/25/2019 8:00,30.2
5/25/2019 9:00,31.86
5/25/2019 10:00,31.93
5/25/2019 11:00,34.29
5/25/2019 12:00,33.05
5/25/2019 13:00,34.68
5/25/2019 14:00,34.66
5/25/2019 15:00,35.58
5/25/2019 16:00,35.23
5/25/2019 17:00,34.5
5/25/2019 18:00,33.14
5/25/2019 19:00,31.83
5/25/2019 20:00,30.56
5/25/2019 21:00,29.54
5/25/2019 22:00,28.74
5/25/2019 23:00,28.12
5/26/2019 0:00,27.72
5/26/2019 1:00,27.59
5/26/2019 2:00,27.33
5/26/2019 3:00,27.15
5/26/2019 4:00,27.04
5/26/2019 5:00,26.94
5/26/2019 6:00,27.52
5/26/2019 7:00,29.56
5/26/2019 8:00,30.22
5/26/2019 9:00,31.58
5/26/2019 10:00,32.58
5/26/2019 11:00,32.44
5/26/2019 12:00,32.25
5/26/2019 13:00,32.03
5/26/2019 14:00,31.75
5/26/2019 15:00,31.37
5/26/2019 16:00,30.96
5/26/2019 17:00,30.51
5/26/2019 18:00,30.08
5/26/2019 19:00,29.23
5/26/2019 20:00,28.39
5/26/2019 21:00,28.08
5/26/2019 22:00,27.88
5/26/2019 23:00,27.89
5/27/2019 0:00,27.44
5/27/2019 1:00,27.22
5/27/2019 2:00,27.01
5/27/2019 3:00,26.99
5/27/2019 4:00,26.9
5/27/2019 5:00,26.84
5/27/2019 6:00,26.88
5/27/2019 7:00,28.51
5/27/2019 8:00,30.13
5/27/2019 9:00,30.98
5/27/2019 10:00,30.51
5/27/2019 11:00,30.58
5/27/2019 12:00,30.71
5/27/2019 13:00,31.57
5/27/2019 14:00,31.23
5/27/2019 15:00,30.74
5/27/2019 16:00,30.39
5/27/2019 17:00,30.04
5/27/2019 18:00,29.44
5/27/2019 19:00,30.71
5/27/2019 20:00,30.03
5/27/2019 21:00,29.52
5/27/2019 22:00,29.7
5/27/2019 23:00,29.48
5/28/2019 0:00,29.08
5/28/2019 1:00,28.68
5/28/2019 2:00,28.36
5/28/2019 3:00,28.17
5/28/2019 4:00,27.99
5/28/2019 5:00,27.91
5/28/2019 6:00,28.02
5/28/2019 7:00,29.39
5/28/2019 8:00,29.16
5/28/2019 9:00,29.47
5/28/2019 10:00,30.31
5/28/2019 11:00,30.26
5/28/2019 12:00,30.93
5/28/2019 13:00,31.36
5/28/2019 14:00,31.15
5/28/2019 15:00,30.61
5/28/2019 16:00,30.43
5/28/2019 17:00,30.2
5/28/2019 18:00,29.92
5/28/2019 19:00,30.19
5/28/2019 20:00,29.57
5/28/2019 21:00,29.01
5/28/2019 22:00,28.61
5/28/2019 23:00,28.29
5/29/2019 0:00,28.17
5/29/2019 1:00,28
5/29/2019 2:00,27.7
5/29/2019 3:00,27.55
5/29/2019 4:00,27.28
5/29/2019 5:00,27.11
5/29/2019 6:00,27.43
5/29/2019 7:00,29.08
5/29/2019 8:00,28.88
5/29/2019 9:00,30.11
5/29/2019 10:00,30.62
5/29/2019 11:00,32.66
5/29/2019 12:00,32.78
5/29/2019 13:00,33.06
5/29/2019 14:00,32.91
5/29/2019 15:00,32.77
5/29/2019 16:00,32.45
5/29/2019 17:00,31.91
5/29/2019 18:00,31.35
5/29/2019 19:00,30.52
5/29/2019 20:00,29.59
5/29/2019 21:00,28.79
5/29/2019 22:00,28.18
5/29/2019 23:00,27.67
5/30/2019 0:00,27.5
5/30/2019 1:00,27.26
5/30/2019 2:00,27.1
5/30/2019 3:00,26.95
5/30/2019 4:00,26.83
5/30/2019 5:00,26.69
5/30/2019 6:00,26.97
5/30/2019 7:00,27.4
5/30/2019 8:00,28.1
5/30/2019 9:00,30.3
5/30/2019 10:00,32.5
5/30/2019 11:00,35
5/30/2019 12:00,33.7
5/30/2019 13:00,33
5/30/2019 14:00,33.8
5/30/2019 15:00,34
5/30/2019 16:00,31.9
5/30/2019 17:00,30.7
5/30/2019 18:00,30.5
5/30/2019 19:00,30.4
5/30/2019 20:00,30.3
5/30/2019 21:00,30
5/30/2019 22:00,29.6
5/30/2019 23:00,29.4
5/31/2019 0:00,29.4
5/31/2019 1:00,29.2
5/31/2019 2:00,28.9
5/31/2019 3:00,28.8
5/31/2019 4:00,28.7
5/31/2019 5:00,28.4
5/31/2019 6:00,28.1
5/31/2019 7:00,28.4
5/31/2019 8:00,29.4
5/31/2019 9:00,31.3
5/31/2019 10:00,33.6
5/31/2019 11:00,40.7
5/31/2019 12:00,41.2
5/31/2019 13:00,35.1
5/31/2019 14:00,34.6
5/31/2019 15:00,34.8
5/31/2019 16:00,34.7
5/31/2019 17:00,33.4
5/31/2019 18:00,31.5
5/31/2019 19:00,31.2
5/31/2019 20:00,30.8
5/31/2019 21:00,30.8
5/31/2019 22:00,30.7
5/31/2019 23:00,30.4
6/1/2019 0:00,29.8
6/1/2019 1:00,29.6
6/1/2019 2:00,29.3
6/1/2019 3:00,29.2
6/1/2019 4:00,29.2
6/1/2019 5:00,28.6
6/1/2019 6:00,28.9
6/1/2019 7:00,30
6/1/2019 8:00,31.5
6/1/2019 9:00,34.5
6/1/2019 10:00,43.7
6/1/2019 11:00,44.2
6/1/2019 12:00,35.6
6/1/2019 13:00,35.1
6/1/2019 14:00,35.2
6/1/2019 15:00,34.1
6/1/2019 16:00,33.3
6/1/2019 17:00,32.5
6/1/2019 18:00,32.5
6/1/2019 19:00,31.6
6/1/2019 20:00,31.2
6/1/2019 21:00,31
6/1/2019 22:00,30.9
6/1/2019 23:00,30.5
6/2/2019 0:00,30.5
6/2/2019 1:00,30.4
6/2/2019 2:00,30.3
6/2/2019 3:00,29.9
6/2/2019 4:00,29.9
6/2/2019 5:00,29.8
6/2/2019 6:00,30.1
6/2/2019 7:00,31.2
6/2/2019 8:00,31.2
6/2/2019 9:00,32.8
6/2/2019 10:00,33.9
6/2/2019 11:00,35.9
6/2/2019 12:00,34
6/2/2019 13:00,32.6
6/2/2019 14:00,32.7
6/2/2019 15:00,32.53
6/2/2019 16:00,32.59
6/2/2019 17:00,32.44
6/2/2019 18:00,31.27
6/2/2019 19:00,29.91
6/2/2019 20:00,29.24
6/2/2019 21:00,28.91
6/2/2019 22:00,28.75
6/2/2019 23:00,28.7
6/3/2019 0:00,29
6/3/2019 1:00,28.42
6/3/2019 2:00,28.04
6/3/2019 3:00,27.84
6/3/2019 4:00,27.69
6/3/2019 5:00,27.44
6/3/2019 6:00,27.88
6/3/2019 7:00,29.94
6/3/2019 8:00,29.72
6/3/2019 9:00,30.46
6/3/2019 10:00,31.13
6/3/2019 11:00,30.82
6/3/2019 12:00,30.95
6/3/2019 13:00,30.93
6/3/2019 14:00,30.91
6/3/2019 15:00,30.86
6/3/2019 16:00,30.85
6/3/2019 17:00,31.23
6/3/2019 18:00,30.68
6/3/2019 19:00,30.21
6/3/2019 20:00,30.03
6/3/2019 21:00,29.71
6/3/2019 22:00,29.42
6/3/2019 23:00,29.07
3/21/2020 0:00,24.863207
3/21/2020 1:00,24.833208
3/21/2020 2:00,23.333208
3/21/2020 3:00,22.823208
3/21/2020 4:00,22.603207
3/21/2020 5:00,22.333208
3/21/2020 6:00,22.203207
3/21/2020 7:00,24.733208
3/21/2020 8:00,28.033207
3/21/2020 9:00,30.433207
3/21/2020 10:00,32.45321
3/21/2020 11:00,33.963207
3/21/2020 12:00,35.09321
3/21/2020 13:00,35.59321
3/21/2020 14:00,35.803207
3/21/2020 15:00,35.333206
3/21/2020 16:00,34.02321
3/21/2020 17:00,32.053207
3/21/2020 18:00,28.673206
3/21/2020 19:00,25.413208
3/21/2020 20:00,24.203207
3/21/2020 21:00,23.753208
3/21/2020 22:00,23.363207
3/21/2020 23:00,23.013206
3/22/2020 0:00,22.573208
3/22/2020 1:00,23.273207
3/22/2020 2:00,23.863207
3/22/2020 3:00,23.963207
3/22/2020 4:00,24.013206
3/22/2020 5:00,23.993208
3/22/2020 6:00,23.963207
3/22/2020 7:00,25.573208
3/22/2020 8:00,28.213207
3/22/2020 9:00,29.643208
3/22/2020 10:00,30.643208
3/22/2020 11:00,31.573208
3/22/2020 12:00,32.553207
3/22/2020 13:00,33.563206
3/22/2020 14:00,34.61321
3/22/2020 15:00,33.463207
3/22/2020 16:00,33.61321
3/22/2020 17:00,32.193207
3/22/2020 18:00,29.303207
3/22/2020 19:00,26.543207
3/22/2020 20:00,25.393208
3/22/2020 21:00,25.063208
3/22/2020 22:00,24.763206
3/22/2020 23:00,24.443207
3/23/2020 0:00,23.973207
3/23/2020 1:00,24.423206
3/23/2020 2:00,24.913208
3/23/2020 3:00,24.923206
3/23/2020 4:00,23.443207
3/23/2020 5:00,22.873207
3/23/2020 6:00,22.743208
3/23/2020 7:00,25.763206
3/23/2020 8:00,28.763206
3/23/2020 9:00,30.803207
3/23/2020 10:00,32.723206
3/23/2020 11:00,34.413208
3/23/2020 12:00,35.403206
3/23/2020 13:00,35.963207
3/23/2020 14:00,36.223206
3/23/2020 15:00,35.763206
3/23/2020 16:00,34.553207
3/23/2020 17:00,32.213207
3/23/2020 18:00,28.383207
3/23/2020 19:00,25.673206
3/23/2020 20:00,24.833208
3/23/2020 21:00,24.743208
3/23/2020 22:00,24.593206
3/23/2020 23:00,24.173206
3/24/2020 0:00,23.383207
3/24/2020 1:00,23.013206
3/24/2020 2:00,22.733208
3/24/2020 3:00,22.623207
3/24/2020 4:00,22.593206
3/24/2020 5:00,22.553207
3/24/2020 6:00,22.463207
3/24/2020 7:00,25.813208
3/24/2020 8:00,28.653208
3/24/2020 9:00,30.843206
3/24/2020 10:00,32.853207
3/24/2020 11:00,34.473206
3/24/2020 12:00,35.513206
3/24/2020 13:00,36.153206
3/24/2020 14:00,36.373207
3/24/2020 15:00,35.903206
3/24/2020 16:00,34.603207
3/24/2020 17:00,32.193207
3/24/2020 18:00,28.423206
3/24/2020 19:00,26.023207
3/24/2020 20:00,25.423206
3/24/2020 21:00,25.343206
3/24/2020 22:00,25.043207
3/24/2020 23:00,24.543207
3/25/2020 0:00,23.863207
3/25/2020 1:00,23.503208
3/25/2020 2:00,23.283207
3/25/2020 3:00,23.083208
3/25/2020 4:00,23.033207
3/25/2020 5:00,22.903208
3/25/2020 6:00,22.753208
3/25/2020 7:00,25.833208
3/25/2020 8:00,29.403208
3/25/2020 9:00,31.813208
3/25/2020 10:00,33.86321
3/25/2020 11:00,35.29321
3/25/2020 12:00,36.27321
3/25/2020 13:00,36.723206
3/25/2020 14:00,36.733208
3/25/2020 15:00,36.053207
3/25/2020 16:00,34.563206
3/25/2020 17:00,32.153206
3/25/2020 18:00,28.503208
3/25/2020 19:00,26.263206
3/25/2020 20:00,25.903208
3/25/2020 21:00,25.953207
3/25/2020 22:00,25.793207
3/25/2020 23:00,25.503208
3/26/2020 0:00,26.153208
3/26/2020 1:00,25.783207
3/26/2020 2:00,24.943207
3/26/2020 3:00,23.933207
3/26/2020 4:00,23.203207
3/26/2020 5:00,23.103207
3/26/2020 6:00,22.933207
3/26/2020 7:00,26.063208
3/26/2020 8:00,29.453207
3/26/2020 9:00,31.733208
3/26/2020 10:00,33.61321
3/26/2020 11:00,34.993206
3/26/2020 12:00,36.033207
3/26/2020 13:00,36.443207
3/26/2020 14:00,36.403206
3/26/2020 15:00,35.77321
3/26/2020 16:00,34.34321
3/26/2020 17:00,32.09321
3/26/2020 18:00,28.713207
3/26/2020 19:00,26.673206
3/26/2020 20:00,26.133207
3/26/2020 21:00,25.973207
3/26/2020 22:00,25.583208
3/26/2020 23:00,24.993208
3/27/2020 0:00,24.263206
3/27/2020 1:00,23.833208
3/27/2020 2:00,23.563208
3/27/2020 3:00,23.453207
3/27/2020 4:00,23.383207
3/27/2020 5:00,23.333208
3/27/2020 6:00,23.193207
3/27/2020 7:00,25.923206
3/27/2020 8:00,29.173206
3/27/2020 9:00,31.383207
3/27/2020 10:00,33.233208
3/27/2020 11:00,34.723206
3/27/2020 12:00,35.993206
3/27/2020 13:00,36.483208
3/27/2020 14:00,36.663208
3/27/2020 15:00,36.353207
3/27/2020 16:00,35.533207
3/27/2020 17:00,33.86321
3/27/2020 18:00,30.583208
3/27/2020 19:00,27.723207
3/27/2020 20:00,26.223207
3/27/2020 21:00,25.893208
3/27/2020 22:00,25.683207
3/27/2020 23:00,25.203207
3/28/2020 0:00,24.683207
3/28/2020 1:00,24.263206
3/28/2020 2:00,23.643208
3/28/2020 3:00,24.653208
3/28/2020 4:00,25.143208
3/28/2020 5:00,25.213207
3/28/2020 6:00,25.273207
3/28/2020 7:00,26.703207
3/28/2020 8:00,29.193207
3/28/2020 9:00,31.423206
3/28/2020 10:00,33.303207
3/28/2020 11:00,34.763206
3/28/2020 12:00,35.86321
3/28/2020 13:00,36.43321
3/28/2020 14:00,36.603207
3/28/2020 15:00,36.20321
3/28/2020 16:00,35.153206
3/28/2020 17:00,33.20321
3/28/2020 18:00,29.743208
3/28/2020 19:00,28.883207
3/28/2020 20:00,27.033207
3/28/2020 21:00,26.133207
3/28/2020 22:00,25.783207
3/28/2020 23:00,25.743208
3/29/2020 0:00,25.703207
3/29/2020 1:00,25.733208
3/29/2020 2:00,25.673206
3/29/2020 3:00,25.643208
3/29/2020 4:00,25.683207
3/29/2020 5:00,25.603207
3/29/2020 6:00,25.703207
3/29/2020 7:00,26.973207
3/29/2020 8:00,29.133207
3/29/2020 9:00,31.293207
3/29/2020 10:00,33.20321
3/29/2020 11:00,34.743206
3/29/2020 12:00,35.873207
3/29/2020 13:00,36.43321
3/29/2020 14:00,36.50321
3/29/2020 15:00,35.913208
3/29/2020 16:00,34.603207
3/29/2020 17:00,32.25321
3/29/2020 18:00,28.593206
3/29/2020 19:00,26.323208
3/29/2020 20:00,25.033207
3/29/2020 21:00,24.483208
3/29/2020 22:00,24.043207
3/29/2020 23:00,23.743208
3/30/2020 0:00,23.473207
3/30/2020 1:00,23.793207
3/30/2020 2:00,24.433207
3/30/2020 3:00,24.613207
3/30/2020 4:00,24.703207
3/30/2020 5:00,24.723207
3/30/2020 6:00,24.583208
3/30/2020 7:00,26.303207
3/30/2020 8:00,28.963207
3/30/2020 9:00,31.453207
3/30/2020 10:00,33.473206
3/30/2020 11:00,35.073208
3/30/2020 12:00,36.303207
3/30/2020 13:00,36.95321
3/30/2020 14:00,37.153206
3/30/2020 15:00,36.723206
3/30/2020 16:00,35.553207
3/30/2020 17:00,33.393208
3/30/2020 18:00,29.763206
3/30/2020 19:00,28.963207
3/30/2020 20:00,26.843206
3/30/2020 21:00,25.763206
3/30/2020 22:00,25.203207
3/30/2020 23:00,24.823208
3/31/2020 0:00,24.533207
3/31/2020 1:00,24.733208
3/31/2020 2:00,24.893208
3/31/2020 3:00,24.813208
3/31/2020 4:00,24.783207
3/31/2020 5:00,24.783207
3/31/2020 6:00,24.773207
3/31/2020 7:00,25.683207
3/31/2020 8:00,27.423206
3/31/2020 9:00,30.463207
3/31/2020 10:00,32.803207
3/31/2020 11:00,34.45321
3/31/2020 12:00,35.893208
3/31/2020 13:00,36.77321
3/31/2020 14:00,36.903206
3/31/2020 15:00,36.59321
3/31/2020 16:00,35.573208
3/31/2020 17:00,33.573208
3/31/2020 18:00,29.963207
3/31/2020 19:00,28.663208
3/31/2020 20:00,26.453207
3/31/2020 21:00,25.603207
3/31/2020 22:00,25.303207
3/31/2020 23:00,25.163208
4/1/2020 0:00,25.093206
4/1/2020 1:00,25.673206
4/1/2020 2:00,25.763206
4/1/2020 3:00,25.633207
4/1/2020 4:00,24.803207
4/1/2020 5:00,24.623207
4/1/2020 6:00,24.423206
4/1/2020 7:00,27.173206
4/1/2020 8:00,29.843206
4/1/2020 9:00,32.133205
4/1/2020 10:00,33.853207
4/1/2020 11:00,35.393208
4/1/2020 12:00,36.43321
4/1/2020 13:00,37.063206
4/1/2020 14:00,37.09321
4/1/2020 15:00,36.563206
4/1/2020 16:00,35.243206
4/1/2020 17:00,32.883205
4/1/2020 18:00,29.273207
4/1/2020 19:00,27.333208
4/1/2020 20:00,26.273207
4/1/2020 21:00,26.083208
4/1/2020 22:00,26.053207
4/1/2020 23:00,25.933207
4/2/2020 0:00,25.683207
4/2/2020 1:00,25.303207
4/2/2020 2:00,24.683207
4/2/2020 3:00,24.243208
4/2/2020 4:00,24.033207
4/2/2020 5:00,23.953207
4/2/2020 6:00,23.763206
4/2/2020 7:00,26.973207
4/2/2020 8:00,29.913208
4/2/2020 9:00,31.973206
4/2/2020 10:00,33.833206
4/2/2020 11:00,35.143208
4/2/2020 12:00,36.163208
4/2/2020 13:00,36.723206
4/2/2020 14:00,36.853207
4/2/2020 15:00,36.103207
4/2/2020 16:00,34.853207
4/2/2020 17:00,32.583206
4/2/2020 18:00,29.183207
4/2/2020 19:00,27.633207
4/2/2020 20:00,26.583208
4/2/2020 21:00,26.383207
4/2/2020 22:00,26.323208
4/2/2020 23:00,26.133207
4/3/2020 0:00,25.833208
4/3/2020 1:00,25.413208
4/3/2020 2:00,24.643208
4/3/2020 3:00,23.953207
4/3/2020 4:00,23.743208
4/3/2020 5:00,23.673206
4/3/2020 6:00,23.553207
4/3/2020 7:00,26.733208
4/3/2020 8:00,29.903208
4/3/2020 9:00,32.43321
4/3/2020 10:00,34.79321
4/3/2020 11:00,36.533207
4/3/2020 12:00,37.833206
4/3/2020 13:00,38.533207
4/3/2020 14:00,38.75321
4/3/2020 15:00,38.27321
4/3/2020 16:00,36.833206
4/3/2020 17:00,34.223206
4/3/2020 18:00,30.503208
4/3/2020 19:00,27.603207
4/3/2020 20:00,26.583208
4/3/2020 21:00,26.533207
4/3/2020 22:00,26.673206
4/3/2020 23:00,26.563208
4/4/2020 0:00,26.303207
4/4/2020 1:00,25.913208
4/4/2020 2:00,25.353207
4/4/2020 3:00,24.803207
4/4/2020 4:00,24.373207
4/4/2020 5:00,24.403208
4/4/2020 6:00,24.343206
4/4/2020 7:00,27.293207
4/4/2020 8:00,29.993208
4/4/2020 9:00,32.353207
4/4/2020 10:00,34.45321
4/4/2020 11:00,36.103207
4/4/2020 12:00,37.283207
4/4/2020 13:00,37.983208
4/4/2020 14:00,38.20321
4/4/2020 15:00,37.86321
4/4/2020 16:00,36.633205
4/4/2020 17:00,34.373207
4/4/2020 18:00,30.463207
4/4/2020 19:00,26.703207
4/4/2020 20:00,26.283207
4/4/2020 21:00,26.773207
4/4/2020 22:00,27.163208
4/4/2020 23:00,27.193207
4/5/2020 0:00,26.933207
4/5/2020 1:00,26.603207
4/5/2020 2:00,26.083208
4/5/2020 3:00,25.493208
4/5/2020 4:00,24.663208
4/5/2020 5:00,23.813208
4/5/2020 6:00,23.443207
4/5/2020 7:00,26.913208
4/5/2020 8:00,29.833208
4/5/2020 9:00,32.25321
4/5/2020 10:00,34.323208
4/5/2020 11:00,35.86321
4/5/2020 12:00,36.833206
4/5/2020 13:00,37.553207
4/5/2020 14:00,37.723206
4/5/2020 15:00,35.623207
4/5/2020 16:00,33.883205
4/5/2020 17:00,32.583206
4/5/2020 18:00,29.833208
4/5/2020 19:00,27.173206
4/5/2020 20:00,27.143208
4/5/2020 21:00,27.353207
4/5/2020 22:00,27.173206
4/5/2020 23:00,26.633207
4/6/2020 0:00,26.043207
4/6/2020 1:00,25.463207
4/6/2020 2:00,24.653208
4/6/2020 3:00,24.193207
4/6/2020 4:00,23.913208
4/6/2020 5:00,23.793207
4/6/2020 6:00,23.673206
4/6/2020 7:00,26.903208
4/6/2020 8:00,29.863207
4/6/2020 9:00,31.413208
4/6/2020 10:00,33.803207
4/6/2020 11:00,35.303207
4/6/2020 12:00,36.45321
4/6/2020 13:00,37.083206
4/6/2020 14:00,37.323208
4/6/2020 15:00,36.923206
4/6/2020 16:00,35.823208
4/6/2020 17:00,33.84321
4/6/2020 18:00,30.293207
4/6/2020 19:00,27.553207
4/6/2020 20:00,26.473207
4/6/2020 21:00,26.423206
4/6/2020 22:00,26.313208
4/6/2020 23:00,25.843206
4/7/2020 0:00,25.203207
4/7/2020 1:00,24.793207
4/7/2020 2:00,25.293207
4/7/2020 3:00,25.813208
4/7/2020 4:00,25.303207
4/7/2020 5:00,25.973207
4/7/2020 6:00,25.883207
4/7/2020 7:00,26.963207
4/7/2020 8:00,28.223207
4/7/2020 9:00,29.983208
4/7/2020 10:00,32.723206
4/7/2020 11:00,34.79321
4/7/2020 12:00,36.073208
4/7/2020 13:00,36.483208
4/7/2020 14:00,35.083206
4/7/2020 15:00,35.913208
4/7/2020 16:00,34.213207
4/7/2020 17:00,33.603207
4/7/2020 18:00,30.973207
4/7/2020 19:00,28.603207
4/7/2020 20:00,26.823208
4/7/2020 21:00,26.283207
4/7/2020 22:00,26.183207
4/7/2020 23:00,25.963207
4/8/2020 0:00,25.573208
4/8/2020 1:00,26.093206
4/8/2020 2:00,25.213207
4/8/2020 3:00,26.053207
4/8/2020 4:00,26.123207
4/8/2020 5:00,26.143208
4/8/2020 6:00,26.153208
4/8/2020 7:00,27.383207
4/8/2020 8:00,28.813208
4/8/2020 9:00,31.643208
4/8/2020 10:00,31.443207
4/8/2020 11:00,31.883207
4/8/2020 12:00,31.873207
4/8/2020 13:00,32.04321
4/8/2020 14:00,31.943207
4/8/2020 15:00,31.553207
4/8/2020 16:00,31.073208
4/8/2020 17:00,30.853207
4/8/2020 18:00,28.993208
4/8/2020 19:00,27.803207
4/8/2020 20:00,27.303207
4/8/2020 21:00,27.023207
4/8/2020 22:00,27.143208
4/8/2020 23:00,27.133207
4/9/2020 0:00,27.253208
4/9/2020 1:00,27.113207
4/9/2020 2:00,26.993208
4/9/2020 3:00,26.423206
4/9/2020 4:00,26.213207
4/9/2020 5:00,26.023207
4/9/2020 6:00,25.773207
4/9/2020 7:00,27.193207
4/9/2020 8:00,28.023207
4/9/2020 9:00,28.963207
4/9/2020 10:00,29.953207
4/9/2020 11:00,30.193207
4/9/2020 12:00,30.713207
4/9/2020 13:00,32.463207
4/9/2020 14:00,31.503208
4/9/2020 15:00,32.423206
4/9/2020 16:00,31.153208
4/9/2020 17:00,31.633207
4/9/2020 18:00,29.973207
4/9/2020 19:00,28.783207
4/9/2020 20:00,27.863207
4/9/2020 21:00,27.353207
4/9/2020 22:00,27.203207
4/9/2020 23:00,27.613207
4/10/2020 0:00,27.403208
4/10/2020 1:00,27.153208
4/10/2020 2:00,26.903208
4/10/2020 3:00,26.753208
4/10/2020 4:00,26.633207
4/10/2020 5:00,26.493208
4/10/2020 6:00,26.453207
4/10/2020 7:00,27.533207
4/10/2020 8:00,29.913208
4/10/2020 9:00,31.673206
4/10/2020 10:00,31.683207
4/10/2020 11:00,31.923206
4/10/2020 12:00,31.903208
4/10/2020 13:00,32.00321
4/10/2020 14:00,31.893208
4/10/2020 15:00,31.763206
4/10/2020 16:00,31.443207
4/10/2020 17:00,31.373207
4/10/2020 18:00,29.853207
4/10/2020 19:00,28.713207
4/10/2020 20:00,27.763206
4/10/2020 21:00,27.203207
4/10/2020 22:00,26.813208
4/10/2020 23:00,26.523207
4/11/2020 0:00,25.873207
4/11/2020 1:00,25.493208
4/11/2020 2:00,25.033207
4/11/2020 3:00,24.563208
4/11/2020 4:00,24.173206
4/11/2020 5:00,23.933207
4/11/2020 6:00,23.933207
4/11/2020 7:00,27.103207
4/11/2020 8:00,29.713207
4/11/2020 9:00,31.773207
4/11/2020 10:00,33.493206
4/11/2020 11:00,34.693207
4/11/2020 12:00,35.653206
4/11/2020 13:00,36.20321
4/11/2020 14:00,36.373207
4/11/2020 15:00,36.18321
4/11/2020 16:00,34.95321
4/11/2020 17:00,33.54321
4/11/2020 18:00,31.523207
4/11/2020 19:00,29.643208
4/11/2020 20:00,28.213207
4/11/2020 21:00,27.123207
4/11/2020 22:00,26.183207
4/11/2020 23:00,25.733208
4/12/2020 0:00,25.673206
4/12/2020 1:00,25.773207
4/12/2020 2:00,25.763206
4/12/2020 3:00,26.023207
4/12/2020 4:00,26.173206
4/12/2020 5:00,26.323208
4/12/2020 6:00,26.583208
4/12/2020 7:00,27.993208
4/12/2020 8:00,29.683207
4/12/2020 9:00,31.353207
4/12/2020 10:00,32.553207
4/12/2020 11:00,32.813206
4/12/2020 12:00,32.75321
4/12/2020 13:00,32.653206
4/12/2020 14:00,32.693207
4/12/2020 15:00,32.883205
4/12/2020 16:00,32.693207
4/12/2020 17:00,32.11321
4/12/2020 18:00,30.863207
4/12/2020 19:00,29.323208
4/12/2020 20:00,28.323208
4/12/2020 21:00,27.643208
4/12/2020 22:00,26.923206
4/12/2020 23:00,26.773207
4/13/2020 0:00,26.613207
4/13/2020 1:00,26.463207
4/13/2020 2:00,26.353207
4/13/2020 3:00,26.293207
4/13/2020 4:00,26.223207
4/13/2020 5:00,26.173206
4/13/2020 6:00,26.073208
4/13/2020 7:00,26.593206
4/13/2020 8:00,27.543207
4/13/2020 9:00,29.753208
4/13/2020 10:00,31.573208
4/13/2020 11:00,30.383207
4/13/2020 12:00,30.173206
4/13/2020 13:00,30.043207
4/13/2020 14:00,30.153208
4/13/2020 15:00,30.383207
4/13/2020 16:00,30.373207
4/13/2020 17:00,30.353207
4/13/2020 18:00,29.483208
4/13/2020 19:00,28.133207
4/13/2020 20:00,27.973207
4/13/2020 21:00,27.793207
4/13/2020 22:00,27.443207
4/13/2020 23:00,27.203207
4/14/2020 0:00,26.943207
4/14/2020 1:00,26.753208
4/14/2020 2:00,26.493208
4/14/2020 3:00,26.013206
4/14/2020 4:00,25.813208
4/14/2020 5:00,25.373207
4/14/2020 6:00,25.183207
4/14/2020 7:00,27.223207
4/14/2020 8:00,28.453207
4/14/2020 9:00,30.233208
4/14/2020 10:00,31.723207
4/14/2020 11:00,31.293207
4/14/2020 12:00,31.883207
4/14/2020 13:00,31.973206
4/14/2020 14:00,31.683207
4/14/2020 15:00,31.443207
4/14/2020 16:00,31.393208
4/14/2020 17:00,31.713207
4/14/2020 18:00,30.323208
4/14/2020 19:00,29.243208
4/14/2020 20:00,28.313208
4/14/2020 21:00,27.603207
4/14/2020 22:00,27.033207
4/14/2020 23:00,26.643208
4/15/2020 0:00,26.253208
4/15/2020 1:00,25.893208
4/15/2020 2:00,25.483208
4/15/2020 3:00,25.213207
4/15/2020 4:00,25.063208
4/15/2020 5:00,24.993208
4/15/2020 6:00,25.053207
4/15/2020 7:00,27.353207
4/15/2020 8:00,29.573208
4/15/2020 9:00,30.183207
4/15/2020 10:00,30.573208
4/15/2020 11:00,30.803207
4/15/2020 12:00,30.803207
4/15/2020 13:00,31.283207
4/15/2020 14:00,31.043207
4/15/2020 15:00,30.813208
4/15/2020 16:00,30.383207
4/15/2020 17:00,29.853207
4/15/2020 18:00,28.743208
4/15/2020 19:00,28.803207
4/15/2020 20:00,27.783207
4/15/2020 21:00,27.053207
4/15/2020 22:00,26.413208
4/15/2020 23:00,25.893208
4/16/2020 0:00,25.423206
4/16/2020 1:00,25.003208
4/16/2020 2:00,24.613207
4/16/2020 3:00,24.323208
4/16/2020 4:00,24.213207
4/16/2020 5:00,24.253208
4/16/2020 6:00,24.363207
4/16/2020 7:00,26.953207
4/16/2020 8:00,29.293207
4/16/2020 9:00,31.263206
4/16/2020 10:00,32.993206
4/16/2020 11:00,34.163208
4/16/2020 12:00,34.95321
4/16/2020 13:00,34.943207
4/16/2020 14:00,34.75321
4/16/2020 15:00,33.133205
4/16/2020 16:00,33.70321
4/16/2020 17:00,32.743206
4/16/2020 18:00,30.913208
4/16/2020 19:00,28.543207
4/16/2020 20:00,27.453207
4/16/2020 21:00,26.683207
4/16/2020 22:00,26.193207
4/16/2020 23:00,25.893208
4/17/2020 0:00,25.583208
4/17/2020 1:00,25.223207
4/17/2020 2:00,25.513206
4/17/2020 3:00,25.723207
4/17/2020 4:00,25.783207
4/17/2020 5:00,25.743208
4/17/2020 6:00,25.853207
4/17/2020 7:00,27.563208
4/17/2020 8:00,29.503208
4/17/2020 9:00,31.213207
4/17/2020 10:00,32.723206
4/17/2020 11:00,33.77321
4/17/2020 12:00,34.693207
4/17/2020 13:00,35.223206
4/17/2020 14:00,34.213207
4/17/2020 15:00,34.883205
4/17/2020 16:00,34.083206
4/17/2020 17:00,32.763206
4/17/2020 18:00,30.383207
4/17/2020 19:00,29.433207
4/17/2020 20:00,27.993208
4/17/2020 21:00,27.083208
4/17/2020 22:00,26.533207
4/17/2020 23:00,26.203207
4/18/2020 0:00,25.893208
4/18/2020 1:00,25.743208
4/18/2020 2:00,26.183207
4/18/2020 3:00,26.193207
4/18/2020 4:00,26.163208
4/18/2020 5:00,26.103207
4/18/2020 6:00,26.253208
4/18/2020 7:00,27.813208
4/18/2020 8:00,29.993208
4/18/2020 9:00,31.853207
4/18/2020 10:00,33.473206
4/18/2020 11:00,34.70321
4/18/2020 12:00,35.663208
4/18/2020 13:00,36.233208
4/18/2020 14:00,36.423206
4/18/2020 15:00,36.173206
4/18/2020 16:00,35.413208
4/18/2020 17:00,33.993206
4/18/2020 18:00,31.443207
4/18/2020 19:00,29.653208
4/18/2020 20:00,27.933207
4/18/2020 21:00,27.333208
4/18/2020 22:00,26.673206
4/18/2020 23:00,26.383207
4/19/2020 0:00,26.253208
4/19/2020 1:00,26.043207
4/19/2020 2:00,26.203207
4/19/2020 3:00,26.443207
4/19/2020 4:00,25.643208
4/19/2020 5:00,25.303207
4/19/2020 6:00,25.573208
4/19/2020 7:00,28.203207
4/19/2020 8:00,30.333208
4/19/2020 9:00,32.103207
4/19/2020 10:00,33.713207
4/19/2020 11:00,34.943207
4/19/2020 12:00,35.913208
4/19/2020 13:00,36.52321
4/19/2020 14:00,36.68321
4/19/2020 15:00,36.413208
4/19/2020 16:00,35.383205
4/19/2020 17:00,34.61321
4/19/2020 18:00,32.393208
4/19/2020 19:00,29.573208
4/19/2020 20:00,27.853207
4/19/2020 21:00,27.163208
4/19/2020 22:00,26.963207
4/19/2020 23:00,26.543207
4/20/2020 0:00,25.913208
4/20/2020 1:00,25.363207
4/20/2020 2:00,24.883207
4/20/2020 3:00,24.503208
4/20/2020 4:00,24.213207
4/20/2020 5:00,24.093206
4/20/2020 6:00,24.513206
4/20/2020 7:00,27.643208
4/20/2020 8:00,29.833208
4/20/2020 9:00,31.793207
4/20/2020 10:00,33.813206
4/20/2020 11:00,35.603207
4/20/2020 12:00,36.903206
4/20/2020 13:00,37.733208
4/20/2020 14:00,37.983208
4/20/2020 15:00,37.963207
4/20/2020 16:00,37.283207
4/20/2020 17:00,35.823208
4/20/2020 18:00,32.633205
4/20/2020 19:00,29.663208
4/20/2020 20:00,27.823208
4/20/2020 21:00,27.243208
4/20/2020 22:00,27.043207
4/20/2020 23:00,26.733208
4/21/2020 0:00,26.023207
4/21/2020 1:00,25.533207
4/21/2020 2:00,25.043207
4/21/2020 3:00,24.613207
4/21/2020 4:00,24.453207
4/21/2020 5:00,24.323208
4/21/2020 6:00,24.653208
4/21/2020 7:00,27.833208
4/21/2020 8:00,30.593206
4/21/2020 9:00,32.68321
4/21/2020 10:00,34.423206
4/21/2020 11:00,36.09321
4/21/2020 12:00,37.463207
4/21/2020 13:00,38.04321
4/21/2020 14:00,38.00321
4/21/2020 15:00,37.50321
4/21/2020 16:00,36.423206
4/21/2020 17:00,34.45321
4/21/2020 18:00,30.953207
4/21/2020 19:00,28.193207
4/21/2020 20:00,27.253208
4/21/2020 21:00,27.253208
4/21/2020 22:00,27.193207
4/21/2020 23:00,27.113207
4/22/2020 0:00,27.483208
4/22/2020 1:00,27.363207
4/22/2020 2:00,26.483208
4/22/2020 3:00,25.503208
4/22/2020 4:00,25.163208
4/22/2020 5:00,24.973207
4/22/2020 6:00,25.333208
4/22/2020 7:00,28.213207
4/22/2020 8:00,30.663208
4/22/2020 9:00,32.27321
4/22/2020 10:00,34.27321
4/22/2020 11:00,35.333206
4/22/2020 12:00,36.423206
4/22/2020 13:00,36.583206
4/22/2020 14:00,36.333206
4/22/2020 15:00,35.52321
4/22/2020 16:00,34.563206
4/22/2020 17:00,33.283207
4/22/2020 18:00,31.133207
4/22/2020 19:00,29.603207
4/22/2020 20:00,28.673206
4/22/2020 21:00,28.243208
4/22/2020 22:00,27.853207
4/22/2020 23:00,27.483208
4/23/2020 0:00,26.923206
4/23/2020 1:00,26.293207
4/23/2020 2:00,25.643208
4/23/2020 3:00,25.323208
4/23/2020 4:00,25.033207
4/23/2020 5:00,24.833208
4/23/2020 6:00,25.373207
4/23/2020 7:00,28.463207
4/23/2020 8:00,31.253208
4/23/2020 9:00,33.423206
4/23/2020 10:00,35.43321
4/23/2020 11:00,36.86321
4/23/2020 12:00,37.77321
4/23/2020 13:00,38.103207
4/23/2020 14:00,37.963207
4/23/2020 15:00,35.36321
4/23/2020 16:00,34.123207
4/23/2020 17:00,33.383205
4/23/2020 18:00,31.053207
4/23/2020 19:00,29.303207
4/23/2020 20:00,28.423206
4/23/2020 21:00,28.213207
4/23/2020 22:00,28.173206
4/23/2020 23:00,28.073208
4/24/2020 0:00,27.613207
4/24/2020 1:00,27.133207
4/24/2020 2:00,26.553207
4/24/2020 3:00,27.003208
4/24/2020 4:00,26.923206
4/24/2020 5:00,26.793207
4/24/2020 6:00,26.783207
4/24/2020 7:00,28.783207
4/24/2020 8:00,30.853207
4/24/2020 9:00,32.213207
4/24/2020 10:00,34.00321
4/24/2020 11:00,34.45321
4/24/2020 12:00,34.673206
4/24/2020 13:00,34.763206
4/24/2020 14:00,34.563206
4/24/2020 15:00,34.25321
4/24/2020 16:00,33.70321
4/24/2020 17:00,33.34321
4/24/2020 18:00,32.053207
4/24/2020 19:00,30.503208
4/24/2020 20:00,29.203207
4/24/2020 21:00,28.373207
4/24/2020 22:00,27.813208
4/24/2020 23:00,27.373207
4/25/2020 0:00,26.703207
4/25/2020 1:00,26.213207
4/25/2020 2:00,25.803207
4/25/2020 3:00,25.733208
4/25/2020 4:00,25.573208
4/25/2020 5:00,25.473207
4/25/2020 6:00,25.743208
4/25/2020 7:00,28.333208
4/25/2020 8:00,30.373207
4/25/2020 9:00,32.263206
4/25/2020 10:00,34.083206
4/25/2020 11:00,35.573208
4/25/2020 12:00,36.84321
4/25/2020 13:00,36.393208
4/25/2020 14:00,36.02321
4/25/2020 15:00,35.75321
4/25/2020 16:00,35.283207
4/25/2020 17:00,34.52321
4/25/2020 18:00,32.653206
4/25/2020 19:00,30.593206
4/25/2020 20:00,29.223207
4/25/2020 21:00,28.143208
4/25/2020 22:00,27.683207
4/25/2020 23:00,27.523207
4/26/2020 0:00,27.263206
4/26/2020 1:00,26.803207
4/26/2020 2:00,26.493208
4/26/2020 3:00,26.403208
4/26/2020 4:00,26.203207
4/26/2020 5:00,26.003208
4/26/2020 6:00,26.373207
4/26/2020 7:00,27.593206
4/26/2020 8:00,28.983208
4/26/2020 9:00,30.093206
4/26/2020 10:00,31.213207
4/26/2020 11:00,31.223207
4/26/2020 12:00,31.463207
4/26/2020 13:00,31.623207
4/26/2020 14:00,31.873207
4/26/2020 15:00,32.163208
4/26/2020 16:00,32.323208
4/26/2020 17:00,32.723206
4/26/2020 18:00,31.523207
4/26/2020 19:00,28.653208
4/26/2020 20:00,28.243208
4/26/2020 21:00,27.923206
4/26/2020 22:00,27.513206
4/26/2020 23:00,27.213207
4/27/2020 0:00,27.043207
4/27/2020 1:00,26.813208
4/27/2020 2:00,26.503208
4/27/2020 3:00,26.203207
4/27/2020 4:00,25.943207
4/27/2020 5:00,25.753208
4/27/2020 6:00,26.063208
4/27/2020 7:00,28.303207
4/27/2020 8:00,29.983208
4/27/2020 9:00,31.233208
4/27/2020 10:00,30.793207
4/27/2020 11:00,31.023207
4/27/2020 12:00,31.343206
4/27/2020 13:00,31.493208
4/27/2020 14:00,31.473207
4/27/2020 15:00,31.333208
4/27/2020 16:00,31.093206
4/27/2020 17:00,30.753208
4/27/2020 18:00,29.953207
4/27/2020 19:00,30.813208
4/27/2020 20:00,29.053207
4/27/2020 21:00,27.933207
4/27/2020 22:00,27.473207
4/27/2020 23:00,27.303207
4/28/2020 0:00,27.123207
4/28/2020 1:00,26.723207
4/28/2020 2:00,26.563208
4/28/2020 3:00,26.303207
4/28/2020 4:00,26.013206
4/28/2020 5:00,25.723207
4/28/2020 6:00,26.063208
4/28/2020 7:00,28.233208
4/28/2020 8:00,29.853207
4/28/2020 9:00,30.923206
4/28/2020 10:00,31.833208
4/28/2020 11:00,32.61321
4/28/2020 12:00,32.743206
4/28/2020 13:00,33.423206
4/28/2020 14:00,34.013206
4/28/2020 15:00,34.883205
4/28/2020 16:00,34.053207
4/28/2020 17:00,34.04321
4/28/2020 18:00,32.493206
4/28/2020 19:00,30.463207
4/28/2020 20:00,28.753208
4/28/2020 21:00,27.803207
4/28/2020 22:00,27.423206
4/28/2020 23:00,27.293207
4/29/2020 0:00,27.093206
4/29/2020 1:00,26.703207
4/29/2020 2:00,25.943207
4/29/2020 3:00,25.723207
4/29/2020 4:00,25.553207
4/29/2020 5:00,25.413208
4/29/2020 6:00,25.573208
4/29/2020 7:00,28.053207
4/29/2020 8:00,30.393208
4/29/2020 9:00,32.423206
4/29/2020 10:00,34.29321
4/29/2020 11:00,35.77321
4/29/2020 12:00,36.833206
4/29/2020 13:00,37.533207
4/29/2020 14:00,37.923206
4/29/2020 15:00,37.86321
4/29/2020 16:00,37.173206
4/29/2020 17:00,35.853207
4/29/2020 18:00,33.163208
4/29/2020 19:00,30.523207
4/29/2020 20:00,28.633207
4/29/2020 21:00,27.733208
4/29/2020 22:00,27.523207
4/29/2020 23:00,27.533207
4/30/2020 0:00,27.523207
4/30/2020 1:00,27.343206
4/30/2020 2:00,26.873207
4/30/2020 3:00,27.403208
4/30/2020 4:00,27.283207
4/30/2020 5:00,27.203207
4/30/2020 6:00,27.463207
4/30/2020 7:00,28.513206
4/30/2020 8:00,29.723207
4/30/2020 9:00,32.633205
4/30/2020 10:00,34.103207
4/30/2020 11:00,35.50321
4/30/2020 12:00,36.623207
4/30/2020 13:00,37.443207
4/30/2020 14:00,37.763206
4/30/2020 15:00,37.603207
4/30/2020 16:00,36.763206
4/30/2020 17:00,35.153206
4/30/2020 18:00,32.133205
4/30/2020 19:00,29.743208
4/30/2020 20:00,27.643208
4/30/2020 21:00,26.823208
4/30/2020 22:00,26.773207
4/30/2020 23:00,26.903208
5/1/2020 0:00,26.873207
5/1/2020 1:00,26.613207
5/1/2020 2:00,26.133207
5/1/2020 3:00,25.573208
5/1/2020 4:00,24.953207
5/1/2020 5:00,24.713207
5/1/2020 6:00,25.243208
5/1/2020 7:00,28.153208
5/1/2020 8:00,30.613207
5/1/2020 9:00,32.86321
5/1/2020 10:00,34.693207
5/1/2020 11:00,35.95321
5/1/2020 12:00,36.86321
5/1/2020 13:00,37.313206
5/1/2020 14:00,37.443207
5/1/2020 15:00,37.04321
5/1/2020 16:00,35.943207
5/1/2020 17:00,34.09321
5/1/2020 18:00,30.923206
5/1/2020 19:00,27.873207
5/1/2020 20:00,26.353207
5/1/2020 21:00,26.093206
5/1/2020 22:00,26.193207
5/1/2020 23:00,26.313208
5/2/2020 0:00,26.253208
5/2/2020 1:00,26.083208
5/2/2020 2:00,25.713207
5/2/2020 3:00,25.203207
5/2/2020 4:00,25.803207
5/2/2020 5:00,25.833208
5/2/2020 6:00,26.053207
5/2/2020 7:00,27.483208
5/2/2020 8:00,30.293207
5/2/2020 9:00,32.25321
5/2/2020 10:00,33.84321
5/2/2020 11:00,35.00321
5/2/2020 12:00,35.283207
5/2/2020 13:00,35.823208
5/2/2020 14:00,35.993206
5/2/2020 15:00,35.473206
5/2/2020 16:00,33.963207
5/2/2020 17:00,32.173206
5/2/2020 18:00,29.633207
5/2/2020 19:00,29.433207
5/2/2020 20:00,27.463207
5/2/2020 21:00,26.573208
5/2/2020 22:00,26.303207
5/2/2020 23:00,26.233208
5/3/2020 0:00,26.133207
5/3/2020 1:00,26.463207
5/3/2020 2:00,26.803207
5/3/2020 3:00,27.003208
5/3/2020 4:00,27.023207
5/3/2020 5:00,27.113207
5/3/2020 6:00,27.263206
5/3/2020 7:00,27.793207
5/3/2020 8:00,28.483208
5/3/2020 9:00,29.643208
5/3/2020 10:00,30.553207
5/3/2020 11:00,31.313208
5/3/2020 12:00,32.103207
5/3/2020 13:00,33.923206
5/3/2020 14:00,34.533207
5/3/2020 15:00,34.073208
5/3/2020 16:00,33.61321
5/3/2020 17:00,33.223206
5/3/2020 18:00,31.473207
5/3/2020 19:00,30.613207
5/3/2020 20:00,29.073208
5/3/2020 21:00,28.273207
5/3/2020 22:00,27.853207
5/3/2020 23:00,27.613207
5/4/2020 0:00,27.093206
5/4/2020 1:00,26.583208
5/4/2020 2:00,26.673206
5/4/2020 3:00,26.833208
5/4/2020 4:00,26.863207
5/4/2020 5:00,26.843206
5/4/2020 6:00,27.123207
5/4/2020 7:00,28.293207
5/4/2020 8:00,29.513206
5/4/2020 9:00,31.273207
5/4/2020 10:00,33.823208
5/4/2020 11:00,35.513206
5/4/2020 12:00,36.59321
5/4/2020 13:00,37.04321
5/4/2020 14:00,37.43321
5/4/2020 15:00,37.353207
5/4/2020 16:00,36.79321
5/4/2020 17:00,35.633205
5/4/2020 18:00,33.143208
5/4/2020 19:00,30.813208
5/4/2020 20:00,29.173206
5/4/2020 21:00,28.603207
5/4/2020 22:00,28.403208
5/4/2020 23:00,28.363207
5/5/2020 0:00,28.483208
5/5/2020 1:00,28.313208
5/5/2020 2:00,28.173206
5/5/2020 3:00,27.943207
5/5/2020 4:00,27.813208
5/5/2020 5:00,27.733208
5/5/2020 6:00,27.653208
5/5/2020 7:00,28.923206
5/5/2020 8:00,29.963207
5/5/2020 9:00,31.983208
5/5/2020 10:00,33.983208
5/5/2020 11:00,35.573208
5/5/2020 12:00,35.173206
5/5/2020 13:00,35.373207
5/5/2020 14:00,36.52321
5/5/2020 15:00,35.653206
5/5/2020 16:00,35.79321
5/5/2020 17:00,34.973206
5/5/2020 18:00,33.25321
5/5/2020 19:00,31.573208
5/5/2020 20:00,30.073208
5/5/2020 21:00,29.203207
5/5/2020 22:00,28.653208
5/5/2020 23:00,28.223207
5/6/2020 0:00,28.303207
5/6/2020 1:00,28.323208
5/6/2020 2:00,28.203207
5/6/2020 3:00,28.023207
5/6/2020 4:00,27.663208
5/6/2020 5:00,26.603207
5/6/2020 6:00,27.013206
5/6/2020 7:00,29.473207
5/6/2020 8:00,30.993208
5/6/2020 9:00,33.133205
5/6/2020 10:00,34.893208
5/6/2020 11:00,36.09321
5/6/2020 12:00,37.09321
5/6/2020 13:00,35.993206
5/6/2020 14:00,36.233208
5/6/2020 15:00,35.95321
5/6/2020 16:00,35.75321
5/6/2020 17:00,35.643208
5/6/2020 18:00,34.00321
5/6/2020 19:00,32.323208
5/6/2020 20:00,30.723207
5/6/2020 21:00,29.573208
5/6/2020 22:00,28.833208
5/6/2020 23:00,28.383207
5/7/2020 0:00,27.793207
5/7/2020 1:00,27.263206
5/7/2020 2:00,26.743208
5/7/2020 3:00,26.383207
5/7/2020 4:00,26.133207
5/7/2020 5:00,25.953207
5/7/2020 6:00,26.563208
5/7/2020 7:00,29.583208
5/7/2020 8:00,31.043207
5/7/2020 9:00,32.27321
5/7/2020 10:00,32.34321
5/7/2020 11:00,34.403206
5/7/2020 12:00,33.663208
5/7/2020 13:00,33.79321
5/7/2020 14:00,33.623207
5/7/2020 15:00,34.943207
5/7/2020 16:00,34.673206
5/7/2020 17:00,33.893208
5/7/2020 18:00,32.283207
5/7/2020 19:00,30.953207
5/7/2020 20:00,29.843206
5/7/2020 21:00,29.113207
5/7/2020 22:00,28.543207
5/7/2020 23:00,28.113207
5/8/2020 0:00,27.433207
5/8/2020 1:00,26.843206
5/8/2020 2:00,26.563208
5/8/2020 3:00,26.313208
5/8/2020 4:00,26.093206
5/8/2020 5:00,25.843206
5/8/2020 6:00,26.443207
5/8/2020 7:00,29.543207
5/8/2020 8:00,30.713207
5/8/2020 9:00,32.243206
5/8/2020 10:00,33.333206
5/8/2020 11:00,34.443207
5/8/2020 12:00,35.11321
5/8/2020 13:00,36.483208
5/8/2020 14:00,36.84321
5/8/2020 15:00,36.50321
5/8/2020 16:00,34.983208
5/8/2020 17:00,34.133205
5/8/2020 18:00,32.633205
5/8/2020 19:00,31.293207
5/8/2020 20:00,30.183207
5/8/2020 21:00,29.443207
5/8/2020 22:00,28.803207
5/8/2020 23:00,28.223207
5/9/2020 0:00,27.993208
5/9/2020 1:00,27.443207
5/9/2020 2:00,26.843206
5/9/2020 3:00,26.373207
5/9/2020 4:00,26.013206
5/9/2020 5:00,25.713207
5/9/2020 6:00,26.583208
5/9/2020 7:00,29.353207
5/9/2020 8:00,31.253208
5/9/2020 9:00,33.02321
5/9/2020 10:00,34.693207
5/9/2020 11:00,35.95321
5/9/2020 12:00,36.983208
5/9/2020 13:00,37.623207
5/9/2020 14:00,37.963207
5/9/2020 15:00,37.633205
5/9/2020 16:00,36.70321
5/9/2020 17:00,35.11321
5/9/2020 18:00,32.423206
5/9/2020 19:00,30.873207
5/9/2020 20:00,29.073208
5/9/2020 21:00,28.203207
5/9/2020 22:00,27.803207
5/9/2020 23:00,27.553207
5/10/2020 0:00,27.323208
5/10/2020 1:00,27.013206
5/10/2020 2:00,26.493208
5/10/2020 3:00,25.993208
5/10/2020 4:00,25.653208
5/10/2020 5:00,25.503208
5/10/2020 6:00,26.403208
5/10/2020 7:00,29.023207
5/10/2020 8:00,30.663208
5/10/2020 9:00,32.943207
5/10/2020 10:00,34.583206
5/10/2020 11:00,35.77321
5/10/2020 12:00,36.743206
5/10/2020 13:00,36.333206
5/10/2020 14:00,37.033207
5/10/2020 15:00,36.93321
5/10/2020 16:00,35.723206
5/10/2020 17:00,34.813206
5/10/2020 18:00,33.123207
5/10/2020 19:00,30.693207
5/10/2020 20:00,29.023207
5/10/2020 21:00,28.293207
5/10/2020 22:00,28.033207
5/10/2020 23:00,27.823208
5/11/2020 0:00,28.173206
5/11/2020 1:00,28.183207
5/11/2020 2:00,27.063208
5/11/2020 3:00,26.583208
5/11/2020 4:00,27.413208
5/11/2020 5:00,27.473207
5/11/2020 6:00,27.593206
5/11/2020 7:00,29.613207
5/11/2020 8:00,30.593206
5/11/2020 9:00,32.103207
5/11/2020 10:00,33.903206
5/11/2020 11:00,35.25321
5/11/2020 12:00,36.413208
5/11/2020 13:00,37.163208
5/11/2020 14:00,36.073208
5/11/2020 15:00,37.04321
5/11/2020 16:00,35.84321
5/11/2020 17:00,35.513206
5/11/2020 18:00,33.583206
5/11/2020 19:00,31.233208
5/11/2020 20:00,29.353207
5/11/2020 21:00,28.233208
5/11/2020 22:00,27.713207
5/11/2020 23:00,27.523207
5/12/2020 0:00,27.303207
5/12/2020 1:00,26.983208
5/12/2020 2:00,26.573208
5/12/2020 3:00,26.153208
5/12/2020 4:00,26.803207
5/12/2020 5:00,25.873207
5/12/2020 6:00,26.673206
5/12/2020 7:00,29.363207
5/12/2020 8:00,31.033207
5/12/2020 9:00,32.50321
5/12/2020 10:00,32.473206
5/12/2020 11:00,34.073208
5/12/2020 12:00,34.623207
5/12/2020 13:00,35.25321
5/12/2020 14:00,35.603207
5/12/2020 15:00,35.52321
5/12/2020 16:00,34.993206
5/12/2020 17:00,34.083206
5/12/2020 18:00,32.083206
5/12/2020 19:00,30.773207
5/12/2020 20:00,28.673206
5/12/2020 21:00,27.563208
5/12/2020 22:00,27.093206
5/12/2020 23:00,26.933207
5/13/2020 0:00,26.843206
5/13/2020 1:00,26.773207
5/13/2020 2:00,26.593206
5/13/2020 3:00,26.433207
5/13/2020 4:00,27.063208
5/13/2020 5:00,27.423206
5/13/2020 6:00,27.593206
5/13/2020 7:00,29.433207
5/13/2020 8:00,31.063208
5/13/2020 9:00,31.883207
5/13/2020 10:00,33.663208
5/13/2020 11:00,34.783207
5/13/2020 12:00,35.573208
5/13/2020 13:00,35.923206
5/13/2020 14:00,35.893208
5/13/2020 15:00,35.50321
5/13/2020 16:00,34.643208
5/13/2020 17:00,33.303207
5/13/2020 18:00,31.043207
5/13/2020 19:00,30.323208
5/13/2020 20:00,28.563208
5/13/2020 21:00,27.743208
5/13/2020 22:00,27.413208
5/13/2020 23:00,27.223207
5/14/2020 0:00,27.043207
5/14/2020 1:00,26.893208
5/14/2020 2:00,26.933207
5/14/2020 3:00,27.493208
5/14/2020 4:00,27.633207
5/14/2020 5:00,27.573208
5/14/2020 6:00,27.953207
5/14/2020 7:00,29.123207
5/14/2020 8:00,31.083208
5/14/2020 9:00,32.853207
5/14/2020 10:00,34.403206
5/14/2020 11:00,35.27321
5/14/2020 12:00,36.283207
5/14/2020 13:00,36.84321
5/14/2020 14:00,37.053207
5/14/2020 15:00,36.573208
5/14/2020 16:00,35.663208
5/14/2020 17:00,34.173206
5/14/2020 18:00,31.633207
5/14/2020 19:00,30.893208
5/14/2020 20:00,28.863207
5/14/2020 21:00,27.993208
5/14/2020 22:00,27.763206
5/14/2020 23:00,27.813208
5/15/2020 0:00,27.793207
5/15/2020 1:00,27.683207
5/15/2020 2:00,27.803207
5/15/2020 3:00,28.143208
5/15/2020 4:00,28.223207
5/15/2020 5:00,28.253208
5/15/2020 6:00,28.383207
5/15/2020 7:00,28.823208
5/15/2020 8:00,29.373207
5/15/2020 9:00,30.623207
5/15/2020 10:00,30.723207
5/15/2020 11:00,31.863207
5/15/2020 12:00,34.053207
5/15/2020 13:00,33.243206
5/15/2020 14:00,34.643208
5/15/2020 15:00,34.633205
5/15/2020 16:00,34.063206
5/15/2020 17:00,32.833206
5/15/2020 18:00,31.533207
5/15/2020 19:00,31.153208
5/15/2020 20:00,29.763206
5/15/2020 21:00,28.773207
5/15/2020 22:00,28.093206
5/15/2020 23:00,27.653208
5/16/2020 0:00,27.343206
5/16/2020 1:00,27.053207
5/16/2020 2:00,26.653208
5/16/2020 3:00,26.263206
5/16/2020 4:00,25.913208
5/16/2020 5:00,25.673206
5/16/2020 6:00,26.473207
5/16/2020 7:00,28.043207
5/16/2020 8:00,28.743208
5/16/2020 9:00,31.973206
5/16/2020 10:00,33.653206
5/16/2020 11:00,33.573208
5/16/2020 12:00,33.563206
5/16/2020 13:00,33.50321
5/16/2020 14:00,33.573208
5/16/2020 15:00,35.053207
5/16/2020 16:00,34.743206
5/16/2020 17:00,34.00321
5/16/2020 18:00,32.563206
5/16/2020 19:00,30.953207
5/16/2020 20:00,30.093206
5/16/2020 21:00,29.363207
5/16/2020 22:00,28.723207
5/16/2020 23:00,28.203207
5/17/2020 0:00,27.723207
5/17/2020 1:00,27.363207
5/17/2020 2:00,26.923206
5/17/2020 3:00,26.543207
5/17/2020 4:00,26.163208
5/17/2020 5:00,25.863207
5/17/2020 6:00,26.643208
5/17/2020 7:00,28.733208
5/17/2020 8:00,29.413208
5/17/2020 9:00,31.603207
5/17/2020 10:00,31.993206
5/17/2020 11:00,33.353207
5/17/2020 12:00,32.75321
5/17/2020 13:00,35.223206
5/17/2020 14:00,34.43321
5/17/2020 15:00,34.02321
5/17/2020 16:00,33.61321
5/17/2020 17:00,33.25321
5/17/2020 18:00,32.34321
5/17/2020 19:00,31.623207
5/17/2020 20:00,30.533207
5/17/2020 21:00,29.513206
5/17/2020 22:00,28.863207
5/17/2020 23:00,28.353207
5/18/2020 0:00,27.863207
5/18/2020 1:00,27.433207
5/18/2020 2:00,27.043207
5/18/2020 3:00,26.883207
5/18/2020 4:00,26.693207
5/18/2020 5:00,26.563208
5/18/2020 6:00,27.053207
5/18/2020 7:00,29.693207
5/18/2020 8:00,31.533207
5/18/2020 9:00,32.983208
5/18/2020 10:00,34.303207
5/18/2020 11:00,36.013206
5/18/2020 12:00,36.603207
5/18/2020 13:00,35.033207
5/18/2020 14:00,34.913208
5/18/2020 15:00,34.573208
5/18/2020 16:00,33.963207
5/18/2020 17:00,33.193207
5/18/2020 18:00,32.053207
5/18/2020 19:00,31.063208
5/18/2020 20:00,30.343206
5/18/2020 21:00,29.793207
5/18/2020 22:00,29.363207
5/18/2020 23:00,28.963207
5/19/2020 0:00,28.463207
5/19/2020 1:00,27.983208
5/19/2020 2:00,27.573208
5/19/2020 3:00,27.413208
5/19/2020 4:00,27.193207
5/19/2020 5:00,26.993208
5/19/2020 6:00,27.553207
5/19/2020 7:00,30.083208
5/19/2020 8:00,29.853207
5/19/2020 9:00,30.423206
5/19/2020 10:00,31.093206
5/19/2020 11:00,31.503208
5/19/2020 12:00,31.993206
5/19/2020 13:00,34.153206
5/19/2020 14:00,33.083206
5/19/2020 15:00,33.243206
5/19/2020 16:00,33.25321
5/19/2020 17:00,33.693207
5/19/2020 18:00,32.763206
5/19/2020 19:00,31.623207
5/19/2020 20:00,30.593206
5/19/2020 21:00,29.983208
5/19/2020 22:00,29.553207
5/19/2020 23:00,29.263206
5/20/2020 0:00,29.113207
5/20/2020 1:00,28.473207
5/20/2020 2:00,28.293207
5/20/2020 3:00,28.193207
5/20/2020 4:00,28.243208
5/20/2020 5:00,27.993208
5/20/2020 6:00,28.283207
5/20/2020 7:00,30.143208
5/20/2020 8:00,29.763206
5/20/2020 9:00,29.963207
5/20/2020 10:00,30.283207
5/20/2020 11:00,30.863207
5/20/2020 12:00,33.713207
5/20/2020 13:00,34.693207
5/20/2020 14:00,35.323208
5/20/2020 15:00,34.54321
5/20/2020 16:00,34.213207
5/20/2020 17:00,34.25321
5/20/2020 18:00,33.233208
5/20/2020 19:00,32.45321
5/20/2020 20:00,31.113207
5/20/2020 21:00,30.143208
5/20/2020 22:00,29.083208
5/20/2020 23:00,28.083208
5/21/2020 0:00,27.643208
5/21/2020 1:00,27.333208
5/21/2020 2:00,27.033207
5/21/2020 3:00,26.763206
5/21/2020 4:00,26.603207
5/21/2020 5:00,26.403208
5/21/2020 6:00,26.913208
5/21/2020 7:00,29.503208
5/21/2020 8:00,31.593206
5/21/2020 9:00,33.403206
5/21/2020 10:00,35.11321
5/21/2020 11:00,36.50321
5/21/2020 12:00,37.423206
5/21/2020 13:00,36.533207
5/21/2020 14:00,36.643208
5/21/2020 15:00,36.053207
5/21/2020 16:00,35.403206
5/21/2020 17:00,34.783207
5/21/2020 18:00,33.513206
5/21/2020 19:00,32.383205
5/21/2020 20:00,30.913208
5/21/2020 21:00,30.053207
5/21/2020 22:00,29.543207
5/21/2020 23:00,29.193207
5/22/2020 0:00,28.793207
5/22/2020 1:00,28.273207
5/22/2020 2:00,27.853207
5/22/2020 3:00,27.513206
5/22/2020 4:00,27.193207
5/22/2020 5:00,26.923206
5/22/2020 6:00,27.193207
5/22/2020 7:00,29.593206
5/22/2020 8:00,31.383207
5/22/2020 9:00,32.223206
5/22/2020 10:00,34.27321
5/22/2020 11:00,35.75321
5/22/2020 12:00,36.493206
5/22/2020 13:00,35.583206
5/22/2020 14:00,35.50321
5/22/2020 15:00,34.93321
5/22/2020 16:00,35.013206
5/22/2020 17:00,34.963207
5/22/2020 18:00,33.693207
5/22/2020 19:00,32.103207
5/22/2020 20:00,31.393208
5/22/2020 21:00,31.093206
5/22/2020 22:00,30.583208
5/22/2020 23:00,30.113207
5/23/2020 0:00,28.543207
5/23/2020 1:00,27.923206
5/23/2020 2:00,27.323208
5/23/2020 3:00,26.853207
5/23/2020 4:00,26.433207
5/23/2020 5:00,26.263206
5/23/2020 6:00,26.773207
5/23/2020 7:00,28.863207
5/23/2020 8:00,30.703207
5/23/2020 9:00,32.20321
5/23/2020 10:00,33.00321
5/23/2020 11:00,33.163208
5/23/2020 12:00,33.233208
5/23/2020 13:00,33.763206
5/23/2020 14:00,33.403206
5/23/2020 15:00,32.993206
5/23/2020 16:00,32.393208
5/23/2020 17:00,31.973206
5/23/2020 18:00,30.893208
5/23/2020 19:00,30.453207
5/23/2020 20:00,30.193207
5/23/2020 21:00,29.933207
5/23/2020 22:00,29.533207
5/23/2020 23:00,28.963207
5/24/2020 0:00,28.453207
5/24/2020 1:00,27.983208
5/24/2020 2:00,27.563208
5/24/2020 3:00,27.183207
5/24/2020 4:00,26.893208
5/24/2020 5:00,26.793207
5/24/2020 6:00,27.013206
5/24/2020 7:00,28.593206
5/24/2020 8:00,30.423206
5/24/2020 9:00,31.723207
5/24/2020 10:00,31.013206
5/24/2020 11:00,30.993208
5/24/2020 12:00,31.043207
5/24/2020 13:00,31.013206
5/24/2020 14:00,30.963207
5/24/2020 15:00,30.803207
5/24/2020 16:00,30.423206
5/24/2020 17:00,30.513206
5/24/2020 18:00,29.493208
5/24/2020 19:00,28.713207
5/24/2020 20:00,28.353207
5/24/2020 21:00,28.073208
5/24/2020 22:00,27.813208
5/24/2020 23:00,27.583208
5/25/2020 0:00,27.373207
5/25/2020 1:00,27.183207
5/25/2020 2:00,26.993208
5/25/2020 3:00,26.883207
5/25/2020 4:00,26.813208
5/25/2020 5:00,26.753208
5/25/2020 6:00,27.173206
5/25/2020 7:00,28.983208
5/25/2020 8:00,28.933207
5/25/2020 9:00,29.783207
5/25/2020 10:00,30.713207
5/25/2020 11:00,31.293207
5/25/2020 12:00,31.993206
5/25/2020 13:00,32.633205
5/25/2020 14:00,33.04321
5/25/2020 15:00,33.29321
5/25/2020 16:00,32.18321
5/25/2020 17:00,32.283207
5/25/2020 18:00,31.603207
5/25/2020 19:00,30.543207
5/25/2020 20:00,30.063208
5/25/2020 21:00,29.843206
5/25/2020 22:00,29.403208
5/25/2020 23:00,29.003208
5/26/2020 0:00,28.803207
5/26/2020 1:00,28.283207
5/26/2020 2:00,27.833208
5/26/2020 3:00,27.523207
5/26/2020 4:00,27.493208
5/26/2020 5:00,27.133207
5/26/2020 6:00,27.563208
5/26/2020 7:00,29.233208
5/26/2020 8:00,29.073208
5/26/2020 9:00,29.163208
5/26/2020 10:00,29.983208
5/26/2020 11:00,31.073208
5/26/2020 12:00,32.243206
5/26/2020 13:00,32.95321
5/26/2020 14:00,33.373207
5/26/2020 15:00,32.43321
5/26/2020 16:00,32.323208
5/26/2020 17:00,32.11321
5/26/2020 18:00,31.613207
5/26/2020 19:00,33.653206
5/26/2020 20:00,32.443207
5/26/2020 21:00,31.923206
5/26/2020 22:00,31.493208
5/26/2020 23:00,30.993208
5/27/2020 0:00,30.423206
5/27/2020 1:00,29.873207
5/27/2020 2:00,29.363207
5/27/2020 3:00,28.683207
5/27/2020 4:00,28.173206
5/27/2020 5:00,27.853207
5/27/2020 6:00,28.083208
5/27/2020 7:00,29.203207
5/27/2020 8:00,29.683207
5/27/2020 9:00,30.703207
5/27/2020 10:00,31.513206
5/27/2020 11:00,32.463207
5/27/2020 12:00,33.663208
5/27/2020 13:00,34.833206
5/27/2020 14:00,34.733208
5/27/2020 15:00,34.553207
5/27/2020 16:00,34.983208
5/27/2020 17:00,34.45321
5/27/2020 18:00,33.25321
5/27/2020 19:00,32.61321
5/27/2020 20:00,31.593206
5/27/2020 21:00,30.803207
5/27/2020 22:00,30.133207
5/27/2020 23:00,29.563208
5/28/2020 0:00,29.003208
5/28/2020 1:00,28.413208
5/28/2020 2:00,27.903208
5/28/2020 3:00,27.403208
5/28/2020 4:00,27.633207
5/28/2020 5:00,27.543207
5/28/2020 6:00,27.813208
5/28/2020 7:00,28.623207
5/28/2020 8:00,28.913208
5/28/2020 9:00,30.033207
5/28/2020 10:00,30.513206
5/28/2020 11:00,31.483208
5/28/2020 12:00,31.933207
5/28/2020 13:00,32.573208
5/28/2020 14:00,32.653206
5/28/2020 15:00,32.513206
5/28/2020 16:00,32.143208
5/28/2020 17:00,31.893208
5/28/2020 18:00,31.083208
5/28/2020 19:00,29.763206
5/28/2020 20:00,29.473207
5/28/2020 21:00,29.193207
5/28/2020 22:00,28.953207
5/28/2020 23:00,28.673206
5/29/2020 0:00,28.213207
5/29/2020 1:00,27.813208
5/29/2020 2:00,27.613207
5/29/2020 3:00,27.093206
5/29/2020 4:00,27.203207
5/29/2020 5:00,26.663208
5/29/2020 6:00,26.963207
5/29/2020 7:00,28.203207
5/29/2020 8:00,28.683207
5/29/2020 9:00,29.573208
5/29/2020 10:00,29.443207
5/29/2020 11:00,29.643208
5/29/2020 12:00,30.343206
5/29/2020 13:00,31.183207
5/29/2020 14:00,31.033207
5/29/2020 15:00,31.133207
5/29/2020 16:00,31.553207
5/29/2020 17:00,31.703207
5/29/2020 18:00,30.593206
5/29/2020 19:00,29.903208
5/29/2020 20:00,29.063208
5/29/2020 21:00,28.453207
5/29/2020 22:00,27.943207
5/29/2020 23:00,27.493208
5/30/2020 0:00,27.053207
5/30/2020 1:00,26.693207
5/30/2020 2:00,26.413208
5/30/2020 3:00,26.193207
5/30/2020 4:00,26.023207
5/30/2020 5:00,25.813208
5/30/2020 6:00,26.353207
5/30/2020 7:00,28.803207
5/30/2020 8:00,29.053207
5/30/2020 9:00,30.893208
5/30/2020 10:00,30.603207
5/30/2020 11:00,30.883207
5/30/2020 12:00,31.043207
5/30/2020 13:00,31.403208
5/30/2020 14:00,31.033207
5/30/2020 15:00,30.763206
5/30/2020 16:00,30.283207
5/30/2020 17:00,29.833208
5/30/2020 18:00,29.273207
5/30/2020 19:00,30.183207
5/30/2020 20:00,29.313208
5/30/2020 21:00,28.573208
5/30/2020 22:00,27.963207
5/30/2020 23:00,27.493208
5/31/2020 0:00,27.083208
5/31/2020 1:00,26.723207
5/31/2020 2:00,26.303207
5/31/2020 3:00,25.923206
5/31/2020 4:00,25.633207
5/31/2020 5:00,25.503208
5/31/2020 6:00,26.293207
5/31/2020 7:00,29.023207
5/31/2020 8:00,30.643208
5/31/2020 9:00,31.823208
5/31/2020 10:00,32.893208
5/31/2020 11:00,33.813206
5/31/2020 12:00,34.563206
5/31/2020 13:00,35.04321
5/31/2020 14:00,34.123207
5/31/2020 15:00,33.663208
5/31/2020 16:00,33.393208
5/31/2020 17:00,33.213207
5/31/2020 18:00,32.063206
5/31/2020 19:00,29.393208
5/31/2020 20:00,28.843206
5/31/2020 21:00,28.523207
5/31/2020 22:00,28.323208
5/31/2020 23:00,28.013206
6/1/2020 0:00,27.653208
6/1/2020 1:00,27.353207
6/1/2020 2:00,27.123207
6/1/2020 3:00,26.993208
6/1/2020 4:00,26.863207
6/1/2020 5:00,26.463207
6/1/2020 6:00,27.123207
6/1/2020 7:00,29.423206
6/1/2020 8:00,29.673206
6/1/2020 9:00,30.943207
6/1/2020 10:00,31.223207
6/1/2020 11:00,31.343206
6/1/2020 12:00,31.373207
6/1/2020 13:00,32.223206
6/1/2020 14:00,31.883207
6/1/2020 15:00,31.743208
6/1/2020 16:00,32.723206
6/1/2020 17:00,32.553207
6/1/2020 18:00,31.453207
6/1/2020 19:00,30.893208
6/1/2020 20:00,30.123207
6/1/2020 21:00,29.393208
6/1/2020 22:00,28.763206
6/1/2020 23:00,28.343206
6/2/2020 0:00,28.153208
6/2/2020 1:00,28.043207
6/2/2020 2:00,27.873207
6/2/2020 3:00,27.463207
6/2/2020 4:00,27.243208
6/2/2020 5:00,27.003208
6/2/2020 6:00,27.173206
6/2/2020 7:00,28.123207
6/2/2020 8:00,29.623207
6/2/2020 9:00,30.213207
6/2/2020 10:00,31.863207
6/2/2020 11:00,31.953207
6/2/2020 12:00,32.163208
6/2/2020 13:00,32.513206
6/2/2020 14:00,31.953207
6/2/2020 15:00,31.343206
6/2/2020 16:00,30.723207
6/2/2020 17:00,30.393208
6/2/2020 18:00,29.533207
6/2/2020 19:00,28.463207
6/2/2020 20:00,28.083208
6/2/2020 21:00,27.883207
6/2/2020 22:00,27.723207
6/2/2020 23:00,27.693207
6/3/2020 0:00,27.513206
6/3/2020 1:00,27.303207
6/3/2020 2:00,27.003208
6/3/2020 3:00,26.783207
6/3/2020 4:00,26.443207
6/3/2020 5:00,26.183207
6/3/2020 6:00,26.533207
6/3/2020 7:00,28.393208
6/3/2020 8:00,29.613207
6/3/2020 9:00,30.123207
6/3/2020 10:00,29.833208
6/3/2020 11:00,31.933207
6/3/2020 12:00,33.223206
6/3/2020 13:00,33.973206
6/3/2020 14:00,33.013206
6/3/2020 15:00,32.693207
6/3/2020 16:00,32.133205
6/3/2020 17:00,32.553207
6/3/2020 18:00,31.543207
6/3/2020 19:00,30.543207
6/3/2020 20:00,29.573208
6/3/2020 21:00,28.753208
6/3/2020 22:00,27.913208
6/3/2020 23:00,27.333208
6/4/2020 0:00,27.433207
6/4/2020 1:00,27.283207
6/4/2020 2:00,27.013206
6/4/2020 3:00,27.183207
6/4/2020 4:00,27.273207
6/4/2020 5:00,27.333208
6/4/2020 6:00,27.353207
6/4/2020 7:00,27.723207
6/4/2020 8:00,29.193207
6/4/2020 9:00,30.753208
6/4/2020 10:00,30.263206
6/4/2020 11:00,30.373207
6/4/2020 12:00,30.153208
6/4/2020 13:00,29.993208
6/4/2020 14:00,29.793207
6/4/2020 15:00,29.573208
6/4/2020 16:00,29.353207
6/4/2020 17:00,29.053207
6/4/2020 18:00,28.473207
6/4/2020 19:00,28.473207
6/4/2020 20:00,27.983208
6/4/2020 21:00,27.663208
6/4/2020 22:00,27.373207
6/4/2020 23:00,26.963207
6/5/2020 0:00,26.603207
6/5/2020 1:00,26.303207
6/5/2020 2:00,26.083208
6/5/2020 3:00,26.013206
6/5/2020 4:00,25.963207
6/5/2020 5:00,25.863207
6/5/2020 6:00,26.453207
6/5/2020 7:00,28.663208
6/5/2020 8:00,29.163208
6/5/2020 9:00,31.093206
6/5/2020 10:00,31.373207
6/5/2020 11:00,32.193207
6/5/2020 12:00,32.04321
6/5/2020 13:00,32.09321
6/5/2020 14:00,31.513206
6/5/2020 15:00,30.993208
6/5/2020 16:00,30.513206
6/5/2020 17:00,30.083208
6/5/2020 18:00,29.573208
6/5/2020 19:00,28.723207
6/5/2020 20:00,28.403208
6/5/2020 21:00,28.033207
6/5/2020 22:00,27.643208
6/5/2020 23:00,27.283207
6/6/2020 0:00,27.323208
6/6/2020 1:00,26.963207
6/6/2020 2:00,26.683207
6/6/2020 3:00,26.473207
6/6/2020 4:00,26.203207
6/6/2020 5:00,25.943207
6/6/2020 6:00,26.453207
6/6/2020 7:00,28.353207
6/6/2020 8:00,29.053207
6/6/2020 9:00,29.793207
6/6/2020 10:00,29.523207
6/6/2020 11:00,29.623207
6/6/2020 12:00,29.673206
6/6/2020 13:00,30.213207
6/6/2020 14:00,29.893208
6/6/2020 15:00,29.483208
6/6/2020 16:00,29.083208
6/6/2020 17:00,29.373207
6/6/2020 18:00,28.353207
6/6/2020 19:00,28.783207
6/6/2020 20:00,28.583208
6/6/2020 21:00,28.343206
6/6/2020 22:00,27.893208
6/6/2020 23:00,27.653208
6/7/2020 0:00,27.353207
6/7/2020 1:00,26.963207
6/7/2020 2:00,26.563208
6/7/2020 3:00,26.323208
6/7/2020 4:00,26.173206
6/7/2020 5:00,25.963207
6/7/2020 6:00,26.103207
6/7/2020 7:00,27.983208
6/7/2020 8:00,29.553207
6/7/2020 9:00,30.423206
6/7/2020 10:00,31.313208
6/7/2020 11:00,32.173206
6/7/2020 12:00,32.973206
6/7/2020 13:00,33.333206
6/7/2020 14:00,32.50321
6/7/2020 15:00,32.083206
6/7/2020 16:00,31.623207
6/7/2020 17:00,31.413208
6/7/2020 18:00,30.413208
6/7/2020 19:00,31.603207
6/7/2020 20:00,30.923206
6/7/2020 21:00,30.153208
6/7/2020 22:00,29.733208
6/7/2020 23:00,29.353207
6/8/2020 0:00,28.933207
6/8/2020 1:00,27.923206
6/8/2020 2:00,27.233208
6/8/2020 3:00,26.763206
6/8/2020 4:00,26.343206
6/8/2020 5:00,26.193207
6/8/2020 6:00,26.593206
6/8/2020 7:00,28.613207
6/8/2020 8:00,30.483208
6/8/2020 9:00,31.743208
6/8/2020 10:00,32.813206
6/8/2020 11:00,33.733208
6/8/2020 12:00,33.29321
6/8/2020 13:00,34.84321
6/8/2020 14:00,34.903206
6/8/2020 15:00,33.59321
6/8/2020 16:00,33.163208
6/8/2020 17:00,32.643208
6/8/2020 18:00,31.893208
6/8/2020 19:00,31.563208
6/8/2020 20:00,31.263206
6/8/2020 21:00,29.833208
6/8/2020 22:00,29.013206
6/8/2020 23:00,28.373207
6/9/2020 0:00,27.643208
6/9/2020 1:00,27.023207
6/9/2020 2:00,26.413208
6/9/2020 3:00,25.913208
6/9/2020 4:00,25.623207
6/9/2020 5:00,25.463207
6/9/2020 6:00,25.903208
6/9/2020 7:00,27.983208
6/9/2020 8:00,29.983208
6/9/2020 9:00,31.613207
6/9/2020 10:00,33.123207
6/9/2020 11:00,34.123207
6/9/2020 12:00,34.763206
6/9/2020 13:00,33.103207
6/9/2020 14:00,33.483208
6/9/2020 15:00,33.283207
6/9/2020 16:00,32.84321
6/9/2020 17:00,32.59321
6/9/2020 18:00,31.473207
6/9/2020 19:00,31.293207
6/9/2020 20:00,30.423206
6/9/2020 21:00,29.303207
6/9/2020 22:00,28.963207
6/9/2020 23:00,28.193207
6/10/2020 0:00,27.643208
6/10/2020 1:00,27.183207
6/10/2020 2:00,26.803207
6/10/2020 3:00,26.583208
6/10/2020 4:00,26.313208
6/10/2020 5:00,26.103207
6/10/2020 6:00,26.413208
6/10/2020 7:00,27.423206
6/10/2020 8:00,28.403208
6/10/2020 9:00,28.283207
6/10/2020 10:00,28.493208
6/10/2020 11:00,28.723207
6/10/2020 12:00,28.963207
6/10/2020 13:00,29.123207
6/10/2020 14:00,29.223207
6/10/2020 15:00,29.233208
6/10/2020 16:00,29.053207
6/10/2020 17:00,29.403208
6/10/2020 18:00,28.953207
6/10/2020 19:00,29.273207
6/10/2020 20:00,28.893208
6/10/2020 21:00,28.663208
6/10/2020 22:00,28.303207
6/10/2020 23:00,27.973207
6/11/2020 0:00,27.683207
6/11/2020 1:00,27.323208
6/11/2020 2:00,26.923206
6/11/2020 3:00,26.633207
6/11/2020 4:00,26.483208
6/11/2020 5:00,26.253208
6/11/2020 6:00,26.403208
6/11/2020 7:00,28.263206
6/11/2020 8:00,28.413208
6/11/2020 9:00,29.003208
6/11/2020 10:00,28.923206
6/11/2020 11:00,29.153208
6/11/2020 12:00,29.043207
6/11/2020 13:00,28.873207
6/11/2020 14:00,28.693207
6/11/2020 15:00,28.443207
6/11/2020 16:00,28.093206
6/11/2020 17:00,28.363207
6/11/2020 18:00,27.733208
6/11/2020 19:00,29.173206
6/11/2020 20:00,28.793207
6/11/2020 21:00,28.423206
6/11/2020 22:00,27.973207
6/11/2020 23:00,27.613207
6/12/2020 0:00,27.313208
6/12/2020 1:00,27.373207
6/12/2020 2:00,26.743208
6/12/2020 3:00,26.503208
6/12/2020 4:00,26.383207
6/12/2020 5:00,26.343206
6/12/2020 6:00,26.473207
6/12/2020 7:00,27.143208
6/12/2020 8:00,28.073208
6/12/2020 9:00,28.423206
6/12/2020 10:00,28.483208
6/12/2020 11:00,28.643208
6/12/2020 12:00,28.653208
6/12/2020 13:00,28.723207
6/12/2020 14:00,28.723207
6/12/2020 15:00,28.643208
6/12/2020 16:00,28.643208
6/12/2020 17:00,29.223207
6/12/2020 18:00,28.203207
6/12/2020 19:00,28.573208
6/12/2020 20:00,27.953207
6/12/2020 21:00,27.463207
6/12/2020 22:00,27.023207
6/12/2020 23:00,26.573208
6/13/2020 0:00,26.073208
6/13/2020 1:00,25.763206
6/13/2020 2:00,25.433207
6/13/2020 3:00,25.233208
6/13/2020 4:00,25.023207
6/13/2020 5:00,24.863207
6/13/2020 6:00,25.373207
6/13/2020 7:00,27.513206
6/13/2020 8:00,28.203207
6/13/2020 9:00,29.133207
6/13/2020 10:00,28.863207
6/13/2020 11:00,28.933207
6/13/2020 12:00,28.863207
6/13/2020 13:00,28.823208
6/13/2020 14:00,28.713207
6/13/2020 15:00,28.563208
6/13/2020 16:00,28.533207
6/13/2020 17:00,28.973207
6/13/2020 18:00,28.133207
6/13/2020 19:00,27.973207
6/13/2020 20:00,27.923206
6/13/2020 21:00,27.703207
6/13/2020 22:00,27.473207
6/13/2020 23:00,27.173206
6/14/2020 0:00,26.893208
6/14/2020 1:00,26.743208
6/14/2020 2:00,26.533207
6/14/2020 3:00,26.383207
6/14/2020 4:00,26.193207
6/14/2020 5:00,26.143208
6/14/2020 6:00,26.373207
6/14/2020 7:00,27.513206
6/14/2020 8:00,28.023207
6/14/2020 9:00,28.323208
6/14/2020 10:00,28.543207
6/14/2020 11:00,28.673206
6/14/2020 12:00,28.743208
6/14/2020 13:00,28.723207
6/14/2020 14:00,28.613207
6/14/2020 15:00,28.433207
6/14/2020 16:00,28.153208
6/14/2020 17:00,27.843206
6/14/2020 18:00,27.523207
6/14/2020 19:00,27.773207
6/14/2020 20:00,27.043207
6/14/2020 21:00,26.493208
6/14/2020 22:00,25.863207
6/14/2020 23:00,25.313208
6/15/2020 0:00,25.103207
6/15/2020 1:00,24.873207
6/15/2020 2:00,24.703207
6/15/2020 3:00,24.683207
6/15/2020 4:00,24.673206
6/15/2020 5:00,24.713207
6/15/2020 6:00,25.243208
6/15/2020 7:00,27.283207
6/15/2020 8:00,29.253208
6/15/2020 9:00,29.363207
6/15/2020 10:00,29.243208
6/15/2020 11:00,29.253208
6/15/2020 12:00,29.223207
6/15/2020 13:00,29.263206
6/15/2020 14:00,29.203207
6/15/2020 15:00,29.123207
6/15/2020 16:00,28.933207
6/15/2020 17:00,29.463207
6/15/2020 18:00,28.613207
6/15/2020 19:00,27.993208
6/15/2020 20:00,27.303207
6/15/2020 21:00,26.913208
6/15/2020 22:00,26.633207
6/15/2020 23:00,26.333208
6/16/2020 0:00,26.153208
6/16/2020 1:00,25.983208
6/16/2020 2:00,25.893208
6/16/2020 3:00,25.583208
6/16/2020 4:00,25.723207
6/16/2020 5:00,25.713207
6/16/2020 6:00,26.033207
6/16/2020 7:00,27.793207
6/16/2020 8:00,28.573208
6/16/2020 9:00,29.183207
6/16/2020 10:00,30.033207
6/16/2020 11:00,30.553207
6/16/2020 12:00,30.223207
6/16/2020 13:00,30.143208
6/16/2020 14:00,29.903208
6/16/2020 15:00,29.663208
6/16/2020 16:00,29.433207
6/16/2020 17:00,29.003208
6/16/2020 18:00,28.993208
6/16/2020 19:00,28.443207
6/16/2020 20:00,28.043207
6/16/2020 21:00,27.673206
6/16/2020 22:00,27.373207
6/16/2020 23:00,27.243208
6/17/2020 0:00,27.143208
6/17/2020 1:00,26.773207
6/17/2020 2:00,26.473207
6/17/2020 3:00,26.173206
6/17/2020 4:00,25.913208
6/17/2020 5:00,25.653208
6/17/2020 6:00,25.853207
6/17/2020 7:00,27.813208
6/17/2020 8:00,29.423206
6/17/2020 9:00,30.663208
6/17/2020 10:00,31.323208
6/17/2020 11:00,31.493208
6/17/2020 12:00,32.993206
6/17/2020 13:00,31.983208
6/17/2020 14:00,31.513206
6/17/2020 15:00,31.103207
6/17/2020 16:00,30.693207
6/17/2020 17:00,30.463207
6/17/2020 18:00,30.083208
6/17/2020 19:00,29.273207
6/17/2020 20:00,28.743208
6/17/2020 21:00,28.203207
6/17/2020 22:00,27.533207
6/17/2020 23:00,26.883207
6/18/2020 0:00,26.513206
6/18/2020 1:00,26.133207
6/18/2020 2:00,25.743208
6/18/2020 3:00,25.363207
6/18/2020 4:00,25.083208
6/18/2020 5:00,24.863207
6/18/2020 6:00,25.253208
6/18/2020 7:00,27.613207
6/18/2020 8:00,29.643208
6/18/2020 9:00,30.993208
6/18/2020 10:00,30.403208
6/18/2020 11:00,30.453207
6/18/2020 12:00,30.313208
6/18/2020 13:00,30.443207
6/18/2020 14:00,30.353207
6/18/2020 15:00,30.163208
6/18/2020 16:00,29.883207
6/18/2020 17:00,29.853207
6/18/2020 18:00,29.473207
6/18/2020 19:00,28.713207
6/18/2020 20:00,28.493208
6/18/2020 21:00,28.363207
6/18/2020 22:00,28.263206
6/18/2020 23:00,28.113207
6/19/2020 0:00,27.623207
6/19/2020 1:00,27.213207
6/19/2020 2:00,26.533207
6/19/2020 3:00,26.013206
6/19/2020 4:00,26.153208
6/19/2020 5:00,25.633207
6/19/2020 6:00,25.943207
6/19/2020 7:00,28.043207
6/19/2020 8:00,29.123207
6/19/2020 9:00,30.033207
6/19/2020 10:00,30.043207
6/19/2020 11:00,31.403208
6/19/2020 12:00,31.493208
6/19/2020 13:00,32.223206
6/19/2020 14:00,32.153206
6/19/2020 15:00,32.02321
6/19/2020 16:00,31.773207
6/19/2020 17:00,31.843206
6/19/2020 18:00,31.373207
6/19/2020 19:00,30.473207
6/19/2020 20:00,29.723207
6/19/2020 21:00,28.973207
6/19/2020 22:00,28.213207
6/19/2020 23:00,27.473207
6/20/2020 0:00,27.123207
6/20/2020 1:00,26.783207
6/20/2020 2:00,26.423206
6/20/2020 3:00,26.143208
6/20/2020 4:00,25.883207
6/20/2020 5:00,25.693207
6/20/2020 6:00,26.163208
6/20/2020 7:00,28.173206
6/20/2020 8:00,29.713207
6/20/2020 9:00,30.043207
6/20/2020 10:00,30.103207
6/20/2020 11:00,30.253208
6/20/2020 12:00,30.273207
6/20/2020 13:00,30.283207
6/20/2020 14:00,30.223207
6/20/2020 15:00,30.093206
6/20/2020 16:00,29.973207
6/20/2020 17:00,29.493208
6/20/2020 18:00,29.333208
6/20/2020 19:00,28.593206
6/20/2020 20:00,28.083208
6/20/2020 21:00,27.543207
6/20/2020 22:00,27.123207
6/20/2020 23:00,26.803207
